[2020-04-14 16:06:58.470] $Š?ü)¦ýÿFecha, Luz UV, Humedad Tierra, Temperatura, Humedad Ambiente;;;;;
[2020-04-14;16:06:58.658];1;47;27.65;58.72
[2020-04-14;16:07:58.778];3;47;27.64;57.99
[2020-04-14;16:08:58.919];2;47;27.56;56.81
[2020-04-14;16:09:59.038];2;47;27.50;57.06
[2020-04-14;16:10:59.179];1;47;27.48;57.52
[2020-04-14;16:11:59.304];1;47;27.49;57.74
[2020-04-14;16:12:59.422];1;47;27.46;57.36
[2020-04-14;16:13:59.563];1;47;27.45;57.45
[2020-04-14;16:14:59.693];2;47;27.47;57.97
[2020-04-14;16:15:59.819];3;47;27.46;58.35
[2020-04-14;16:16:59.956];3;47;27.45;57.80
[2020-04-14;16:18:00.077];3;47;27.46;58.20
[2020-04-14;16:19:00.214];3;47;27.43;57.54
[2020-04-14;16:20:00.355];3;47;27.45;57.45
[2020-04-14;16:21:00.476];3;47;27.42;57.40
[2020-04-14;16:22:00.602];3;47;27.38;57.77
[2020-04-14;16:23:00.734];2;47;27.38;57.64
[2020-04-14;16:24:00.874];2;47;27.35;57.59
[2020-04-14;16:25:01.001];2;47;27.37;58.17
[2020-04-14;16:26:01.126];2;47;27.37;58.71
[2020-04-14;16:27:01.249];2;47;27.39;59.03
[2020-04-14;16:28:01.386];3;47;27.40;58.98
[2020-04-14;16:29:01.497];3;47;27.41;58.43
[2020-04-14;16:30:01.625];2;47;27.43;58.69
[2020-04-14;16:31:01.763];1;47;27.42;58.56
[2020-04-14;16:32:01.886];1;47;27.42;58.91
[2020-04-14;16:33:02.016];1;47;27.46;59.28
[2020-04-14;16:34:02.141];1;47;27.48;59.09
[2020-04-14;16:35:02.274];1;47;27.51;59.32
[2020-04-14;16:36:02.400];1;47;27.49;58.56
[2020-04-14;16:37:02.534];1;47;27.51;58.85
[2020-04-14;16:38:02.661];1;47;27.46;58.71
[2020-04-14;16:39:02.789];1;47;27.45;58.73
[2020-04-14;16:40:02.924];1;47;27.43;59.11
[2020-04-14;16:41:03.060];1;47;27.44;59.27
[2020-04-14;16:42:03.175];0;47;27.44;59.09
[2020-04-14;16:43:03.320];0;47;27.47;59.55
[2020-04-14;16:44:03.457];0;47;27.48;59.60
[2020-04-14;16:45:03.581];0;47;27.47;59.07
[2020-04-14;16:46:03.696];0;47;27.43;59.07
[2020-04-14;16:47:03.827];0;47;27.44;59.35
[2020-04-14;16:48:03.964];0;47;27.45;59.58
[2020-04-14;16:49:04.099];0;47;27.47;59.67
[2020-04-14;16:50:04.220];0;46;27.45;59.81
[2020-04-14;16:51:04.343];0;46;27.42;59.13
[2020-04-14;16:52:04.512];0;46;27.38;59.24
[2020-04-14;16:53:04.613];0;46;27.38;58.63
[2020-04-14;16:54:04.732];0;46;27.37;59.23
[2020-04-14;16:55:04.873];0;46;27.35;58.93
[2020-04-14;16:56:04.993];0;46;27.33;59.19
[2020-04-14;16:57:05.134];0;46;27.33;59.10
[2020-04-14;16:58:05.262];0;46;27.29;59.06
[2020-04-14;16:59:05.387];0;46;27.29;58.83
[2020-04-14;17:00:05.517];0;46;27.27;59.17
[2020-04-14;17:01:05.658];0;46;27.21;59.48
[2020-04-14;17:02:05.784];0;46;27.19;59.32
[2020-04-14;17:03:05.905];0;46;27.20;59.45
[2020-04-14;17:04:06.026];0;46;27.15;59.12
[2020-04-14;17:05:06.166];0;46;27.15;59.19
[2020-04-14;17:06:06.291];0;46;27.14;59.88
[2020-04-14;17:07:06.424];0;46;27.11;59.97
[2020-04-14;17:08:06.550];0;46;27.11;59.50
[2020-04-14;17:09:06.676];0;46;27.13;59.87
[2020-04-14;17:10:06.818];0;46;27.13;60.05
[2020-04-14;17:11:06.936];0;46;27.13;60.06
[2020-04-14;17:12:07.065];0;46;27.14;60.34
[2020-04-14;17:13:07.192];0;46;27.18;60.41
[2020-04-14;17:14:07.331];0;46;27.20;60.47
[2020-04-14;17:15:07.457];0;46;27.20;60.50
[2020-04-14;17:16:07.590];0;46;27.23;60.25
[2020-04-14;17:17:07.716];0;46;27.24;60.85
[2020-04-14;17:18:07.854];0;46;27.25;60.62
[2020-04-14;17:19:07.981];0;47;27.25;59.77
[2020-04-14;17:20:08.111];0;46;27.27;60.10
[2020-04-14;17:21:08.237];0;46;27.33;60.56
[2020-04-14;17:22:08.364];0;46;27.30;59.67
[2020-04-14;17:23:08.491];0;46;27.28;59.74
[2020-04-14;17:24:08.626];0;46;27.32;60.11
[2020-04-14;17:25:08.753];0;46;27.33;60.15
[2020-04-14;17:26:08.879];0;46;27.33;60.35
[2020-04-14;17:27:09.010];0;46;27.34;60.00
[2020-04-14;17:28:09.137];0;46;27.35;60.24
[2020-04-14;17:29:09.278];0;46;27.34;60.19
[2020-04-14;17:30:09.396];0;46;27.34;60.36
[2020-04-14;17:31:09.527];0;46;27.32;59.96
[2020-04-14;17:32:09.667];0;46;27.35;60.71
[2020-04-14;17:33:09.798];0;46;27.34;60.64
[2020-04-14;17:34:09.924];0;46;27.34;61.14
[2020-04-14;17:35:10.050];0;46;27.28;59.64
[2020-04-14;17:36:10.183];0;46;27.27;59.66
[2020-04-14;17:37:10.314];0;46;27.27;59.59
[2020-04-14;17:38:10.447];0;46;27.23;59.72
[2020-04-14;17:39:10.570];0;46;27.21;59.78
[2020-04-14;17:40:10.696];0;46;27.20;60.00
[2020-04-14;17:41:10.822];0;46;27.20;59.92
[2020-04-14;17:42:10.950];0;46;27.21;59.81
[2020-04-14;17:43:11.088];0;46;27.20;60.23
[2020-04-14;17:44:11.212];0;46;27.21;60.45
[2020-04-14;17:45:11.344];0;46;27.19;60.18
[2020-04-14;17:46:11.471];0;46;27.18;59.93
[2020-04-14;17:47:11.611];0;46;27.16;60.00
[2020-04-14;17:48:11.736];0;46;27.17;60.53
[2020-04-14;17:49:11.859];0;46;27.15;60.12
[2020-04-14;17:50:12.001];0;46;27.17;60.58
[2020-04-14;17:51:12.127];0;46;27.19;61.51
[2020-04-14;17:52:12.255];0;46;27.20;61.95
[2020-04-14;17:53:12.380];0;46;27.22;62.89
[2020-04-14;17:54:12.506];0;46;27.24;63.07
[2020-04-14;17:55:12.638];0;46;27.27;62.71
[2020-04-14;17:56:12.779];0;46;27.28;63.05
[2020-04-14;17:57:12.908];0;46;27.30;62.93
[2020-04-14;17:58:13.035];0;46;27.30;62.89
[2020-04-14;17:59:13.162];0;46;27.30;62.70
[2020-04-14;18:00:13.288];0;46;27.24;61.84
[2020-04-14;18:01:13.414];0;46;27.25;62.22
[2020-04-14;18:02:13.558];0;46;27.20;61.75
[2020-04-14;18:03:13.679];0;46;27.17;60.77
[2020-04-14;18:04:13.807];0;46;27.10;60.67
[2020-04-14;18:05:13.942];0;46;27.14;61.39
[2020-04-14;18:06:14.068];0;46;27.09;61.41
[2020-04-14;18:07:14.204];0;46;27.06;61.35
[2020-04-14;18:08:14.329];0;46;27.04;61.65
[2020-04-14;18:09:14.455];0;46;27.01;61.42
[2020-04-14;18:10:14.581];0;46;27.03;62.00
[2020-04-14;18:11:14.722];0;46;27.06;63.04
[2020-04-14;18:12:14.840];0;46;27.07;63.02
[2020-04-14;18:13:14.982];0;46;27.03;63.25
[2020-04-14;18:14:15.108];0;46;27.05;63.52
[2020-04-14;18:15:15.234];0;46;27.08;64.36
[2020-04-14;18:16:15.360];0;46;27.02;63.95
[2020-04-14;18:17:15.497];0;46;27.02;64.07
[2020-04-14;18:18:15.623];0;46;27.05;64.27
[2020-04-14;18:19:15.749];0;46;27.00;64.17
[2020-04-14;18:20:15.875];0;46;27.01;64.43
[2020-04-14;18:21:16.016];0;46;27.01;64.87
[2020-04-14;18:22:16.147];0;46;27.04;65.07
[2020-04-14;18:23:16.273];0;46;27.02;64.93
[2020-04-14;18:24:16.398];0;46;27.02;64.40
[2020-04-14;18:25:16.524];0;46;27.01;64.17
[2020-04-14;18:26:16.666];0;46;27.03;64.27
[2020-04-14;18:27:16.784];0;46;27.04;64.93
[2020-04-14;18:28:16.926];0;46;27.06;65.14
[2020-04-14;18:29:17.057];0;46;27.07;65.12
[2020-04-14;18:30:17.185];0;46;27.07;65.23
[2020-04-14;18:31:17.310];0;46;27.07;64.81
[2020-04-14;18:32:17.445];0;46;27.07;64.56
[2020-04-14;18:33:17.571];0;46;27.07;64.24
[2020-04-14;18:34:17.696];0;46;27.04;63.81
[2020-04-14;18:35:17.823];0;46;27.02;64.01
[2020-04-14;18:36:17.949];0;46;27.00;63.83
[2020-04-14;18:37:18.086];0;46;27.01;63.72
[2020-04-14;18:38:18.213];0;46;26.99;63.59
[2020-04-14;18:39:18.339];0;46;26.98;64.03
[2020-04-14;18:40:18.481];0;46;26.93;63.91
[2020-04-14;18:41:18.607];0;46;26.92;63.60
[2020-04-14;18:42:18.731];0;46;26.92;63.95
[2020-04-14;18:43:18.861];0;46;26.91;63.83
[2020-04-14;18:44:18.992];0;47;26.85;63.47
[2020-04-14;18:45:19.124];0;46;26.85;64.13
[2020-04-14;18:46:19.243];0;46;26.82;63.88
[2020-04-14;18:47:19.376];0;46;26.85;64.14
[2020-04-14;18:48:19.518];0;46;26.81;63.30
[2020-04-14;18:49:19.644];0;46;26.81;63.57
[2020-04-14;18:50:19.770];0;46;26.79;63.69
[2020-04-14;18:51:19.908];0;46;26.78;63.31
[2020-04-14;18:52:20.037];0;46;26.79;63.53
[2020-04-14;18:53:20.163];0;46;26.79;63.98
[2020-04-14;18:54:20.288];0;46;26.81;64.30
[2020-04-14;18:55:20.414];0;46;26.80;64.08
[2020-04-14;18:56:20.553];0;46;26.74;63.85
[2020-04-14;18:57:20.678];0;46;26.70;63.62
[2020-04-14;18:58:20.805];0;46;26.65;63.80
[2020-04-14;18:59:20.946];0;46;26.66;63.87
[2020-04-14;19:00:21.069];0;46;26.65;63.93
[2020-04-14;19:01:21.198];0;46;26.67;64.53
[2020-04-14;19:02:21.323];0;46;26.69;64.78
[2020-04-14;19:03:21.450];0;46;26.71;65.05
[2020-04-14;19:04:21.591];0;46;26.69;64.24
[2020-04-14;19:05:21.717];0;46;26.71;64.56
[2020-04-14;19:06:21.840];0;46;26.70;64.07
[2020-04-14;19:07:21.981];0;46;26.66;63.84
[2020-04-14;19:08:22.106];0;46;26.67;63.83
[2020-04-14;19:09:22.231];0;46;26.67;63.97
[2020-04-14;19:10:22.357];0;46;26.67;64.15
[2020-04-14;19:11:22.495];0;46;26.68;64.33
[2020-04-14;19:12:22.620];0;46;26.63;63.97
[2020-04-14;19:13:22.752];0;46;26.62;64.03
[2020-04-14;19:14:22.878];0;46;26.63;64.06
[2020-04-14;19:15:23.003];0;46;26.61;63.90
[2020-04-14;19:16:23.138];0;46;26.61;64.09
[2020-04-14;19:17:23.271];0;46;26.62;64.00
[2020-04-14;19:18:23.396];0;46;26.65;64.06
[2020-04-14;19:19:23.537];0;46;26.67;64.21
[2020-04-14;19:20:23.662];0;46;26.69;64.51
[2020-04-14;19:21:23.790];0;46;26.70;64.77
[2020-04-14;19:22:23.915];0;46;26.67;64.40
[2020-04-14;19:23:24.051];0;46;26.67;64.64
[2020-04-14;19:24:24.176];0;46;26.71;64.82
[2020-04-14;19:25:24.301];0;46;26.74;64.90
[2020-04-14;19:26:24.431];0;46;26.77;64.73
[2020-04-14;19:27:24.572];0;46;26.79;64.83
[2020-04-14;19:28:24.697];0;46;26.82;65.08
[2020-04-14;19:29:24.823];0;46;26.83;64.85
[2020-04-14;19:30:24.948];0;46;26.85;64.84
[2020-04-14;19:31:25.083];0;46;26.82;64.78
[2020-04-14;19:32:25.208];0;46;26.87;64.67
[2020-04-14;19:33:25.349];0;46;26.91;64.25
[2020-04-14;19:34:25.475];0;46;26.94;64.16
[2020-04-14;19:35:25.600];0;46;26.97;64.02
[2020-04-14;19:36:25.736];0;46;27.02;63.60
[2020-04-14;19:37:25.861];0;46;27.06;63.89
[2020-04-14;19:38:25.987];0;46;27.11;63.62
[2020-04-14;19:39:26.127];0;46;27.14;64.09
[2020-04-14;19:40:26.253];0;46;27.17;64.22
[2020-04-14;19:41:26.384];0;46;27.20;64.10
[2020-04-14;19:42:26.509];0;46;27.24;63.98
[2020-04-14;19:43:26.644];0;46;27.27;63.83
[2020-04-14;19:44:26.770];0;46;27.31;63.66
[2020-04-14;19:45:26.905];0;46;27.30;63.51
[2020-04-14;19:46:27.027];0;46;27.30;63.45
[2020-04-14;19:47:27.168];0;46;27.33;63.74
[2020-04-14;19:48:27.293];0;46;27.32;63.71
[2020-04-14;19:49:27.419];0;46;27.39;63.85
[2020-04-14;19:50:27.544];0;46;27.40;63.93
[2020-04-14;19:51:27.680];0;46;27.40;64.13
[2020-04-14;19:52:27.806];0;46;27.39;63.57
[2020-04-14;19:53:27.931];0;46;27.37;63.99
[2020-04-14;19:54:28.072];0;46;27.37;63.73
[2020-04-14;19:55:28.197];0;46;27.36;63.57
[2020-04-14;19:56:28.332];0;46;27.34;63.56
[2020-04-14;19:57:28.457];0;46;27.32;63.83
[2020-04-14;19:58:28.582];0;46;27.30;65.02
[2020-04-14;19:59:28.708];0;46;27.27;64.10
[2020-04-14;20:00:28.843];0;46;27.27;63.99
[2020-04-14;20:01:28.969];0;46;27.27;64.39
[2020-04-14;20:02:29.110];0;46;27.24;63.99
[2020-04-14;20:03:29.235];0;46;27.25;63.90
[2020-04-14;20:04:29.361];0;46;27.24;64.26
[2020-04-14;20:05:29.486];0;46;27.19;64.08
[2020-04-14;20:06:29.627];0;46;27.18;64.26
[2020-04-14;20:07:29.753];0;46;27.11;64.23
[2020-04-14;20:08:29.878];0;46;27.02;64.46
[2020-04-14;20:09:30.003];0;45;27.02;64.88
[2020-04-14;20:10:30.144];0;45;26.98;64.93
[2020-04-14;20:11:30.263];0;45;26.96;65.06
[2020-04-14;20:12:30.404];0;45;26.98;65.41
[2020-04-14;20:13:30.528];0;45;26.94;65.00
[2020-04-14;20:14:30.653];0;45;26.94;65.08
[2020-04-14;20:15:30.794];0;45;26.89;65.24
[2020-04-14;20:16:30.925];0;45;26.82;65.19
[2020-04-14;20:17:31.050];0;45;26.78;65.65
[2020-04-14;20:18:31.176];0;45;26.76;65.47
[2020-04-14;20:19:31.301];0;45;26.72;65.54
[2020-04-14;20:20:31.442];0;45;26.71;65.72
[2020-04-14;20:21:31.566];0;45;26.71;66.07
[2020-04-14;20:22:31.691];0;45;26.70;66.08
[2020-04-14;20:23:31.832];0;45;26.59;65.65
[2020-04-14;20:24:31.958];0;45;26.61;65.88
[2020-04-14;20:25:32.083];0;45;26.58;65.89
[2020-04-14;20:26:32.214];0;45;26.55;66.12
[2020-04-14;20:27:32.339];0;45;26.57;66.86
[2020-04-14;20:28:32.480];0;45;26.58;66.65
[2020-04-14;20:29:32.606];0;45;26.60;66.99
[2020-04-14;20:30:32.739];0;45;26.56;66.31
[2020-04-14;20:31:32.860];0;45;26.55;66.48
[2020-04-14;20:32:32.986];0;45;26.52;66.21
[2020-04-14;20:33:33.127];0;45;26.52;66.20
[2020-04-14;20:34:33.252];0;45;26.49;66.08
[2020-04-14;20:35:33.377];0;45;26.41;65.88
[2020-04-14;20:36:33.514];0;45;26.35;65.72
[2020-04-14;20:37:33.639];0;45;26.35;65.90
[2020-04-14;20:38:33.765];0;45;26.30;66.11
[2020-04-14;20:39:33.906];0;45;26.21;66.15
[2020-04-14;20:40:34.031];0;45;26.19;66.43
[2020-04-14;20:41:34.157];0;45;26.17;66.07
[2020-04-14;20:42:34.291];0;45;26.07;66.10
[2020-04-14;20:43:34.413];0;45;26.01;66.10
[2020-04-14;20:44:34.543];0;45;26.01;66.25
[2020-04-14;20:45:34.669];0;45;26.00;66.78
[2020-04-14;20:46:34.803];0;45;26.01;67.05
[2020-04-14;20:47:34.944];0;45;25.99;67.03
[2020-04-14;20:48:35.070];0;45;26.00;67.34
[2020-04-14;20:49:35.195];0;45;26.01;67.53
[2020-04-14;20:50:35.321];0;45;25.99;67.61
[2020-04-14;20:51:35.461];0;45;25.99;67.72
[2020-04-14;20:52:35.576];0;45;25.97;67.67
[2020-04-14;20:53:35.716];0;45;25.99;68.07
[2020-04-14;20:54:35.841];0;45;25.96;67.60
[2020-04-14;20:55:35.966];0;45;25.93;67.66
[2020-04-14;20:56:36.098];0;45;25.92;67.78
[2020-04-14;20:57:36.238];0;45;25.93;67.94
[2020-04-14;20:58:36.364];0;45;25.90;67.76
[2020-04-14;20:59:36.489];0;45;25.91;67.72
[2020-04-14;21:00:36.614];0;45;25.85;67.73
[2020-04-14;21:01:36.749];0;45;25.82;67.76
[2020-04-14;21:02:36.874];0;45;25.78;67.68
[2020-04-14;21:03:37.015];0;45;25.78;67.84
[2020-04-14;21:04:37.141];0;45;25.76;67.54
[2020-04-14;21:05:37.266];0;45;25.74;67.83
[2020-04-14;21:06:37.392];0;45;25.73;67.91
[2020-04-14;21:07:37.533];0;45;25.73;67.63
[2020-04-14;21:08:37.659];0;45;25.72;67.42
[2020-04-14;21:09:37.784];0;45;25.73;67.99
[2020-04-14;21:10:37.909];0;45;25.73;68.11
[2020-04-14;21:11:38.040];0;45;25.78;68.33
[2020-04-14;21:12:38.181];0;45;25.80;68.41
[2020-04-14;21:13:38.303];0;45;25.80;68.02
[2020-04-14;21:14:38.429];0;45;25.78;67.87
[2020-04-14;21:15:38.564];0;45;25.81;68.12
[2020-04-14;21:16:38.694];0;45;25.83;68.03
[2020-04-14;21:17:38.820];0;45;25.87;68.56
[2020-04-14;21:18:38.945];0;45;25.88;68.32
[2020-04-14;21:19:39.086];0;45;25.87;67.86
[2020-04-14;21:20:39.212];0;45;25.89;68.04
[2020-04-14;21:21:39.347];0;45;25.92;68.17
[2020-04-14;21:22:39.473];0;45;25.91;68.15
[2020-04-14;21:23:39.598];0;45;25.86;67.74
[2020-04-14;21:24:39.723];0;45;25.82;67.84
[2020-04-14;21:25:39.864];0;45;25.83;67.77
[2020-04-14;21:26:39.988];0;45;25.82;67.66
[2020-04-14;21:27:40.113];0;45;25.85;67.75
[2020-04-14;21:28:40.254];0;45;25.88;67.98
[2020-04-14;21:29:40.380];0;45;25.89;68.19
[2020-04-14;21:30:40.498];0;45;25.86;68.11
[2020-04-14;21:31:40.633];0;45;25.88;68.11
[2020-04-14;21:32:40.758];0;45;25.90;68.27
[2020-04-14;21:33:40.899];0;45;25.88;68.13
[2020-04-14;21:34:41.025];0;45;25.83;68.07
[2020-04-14;21:35:41.150];0;45;25.83;68.02
[2020-04-14;21:36:41.283];0;45;25.86;68.17
[2020-04-14;21:37:41.408];0;45;25.88;68.21
[2020-04-14;21:38:41.549];0;45;25.90;68.33
[2020-04-14;21:39:41.675];0;45;25.91;68.58
[2020-04-14;21:40:41.800];0;45;25.92;68.47
[2020-04-14;21:41:41.926];0;45;25.93;68.35
[2020-04-14;21:42:42.067];0;45;25.96;68.73
[2020-04-14;21:43:42.192];0;45;25.92;68.02
[2020-04-14;21:44:42.321];0;45;25.85;68.31
[2020-04-14;21:45:42.456];0;45;25.86;67.91
[2020-04-14;21:46:42.574];0;45;25.85;68.11
[2020-04-14;21:47:42.715];0;45;25.84;67.94
[2020-04-14;21:48:42.841];0;45;25.80;67.81
[2020-04-14;21:49:42.966];0;45;25.74;67.94
[2020-04-14;21:50:43.092];0;45;25.70;67.97
[2020-04-14;21:51:43.228];0;45;25.65;68.13
[2020-04-14;21:52:43.353];0;45;25.66;68.21
[2020-04-14;21:53:43.478];0;45;25.67;68.40
[2020-04-14;21:54:43.619];0;45;25.69;68.55
[2020-04-14;21:55:43.748];0;45;25.67;68.65
[2020-04-14;21:56:43.879];0;45;25.62;68.58
[2020-04-14;21:57:44.004];0;45;25.61;68.66
[2020-04-14;21:58:44.130];0;45;25.56;68.77
[2020-04-14;21:59:44.255];0;45;25.57;68.49
[2020-04-14;22:00:44.388];0;45;25.55;68.47
[2020-04-14;22:01:44.525];0;45;25.48;68.75
[2020-04-14;22:02:44.650];0;45;25.50;68.74
[2020-04-14;22:03:44.776];0;45;25.45;69.00
[2020-04-14;22:04:44.916];0;45;25.46;69.09
[2020-04-14;22:05:45.042];0;45;25.43;69.16
[2020-04-14;22:06:45.168];0;45;25.41;69.16
[2020-04-14;22:07:45.293];0;45;25.39;69.12
[2020-04-14;22:08:45.434];0;45;25.37;69.20
[2020-04-14;22:09:45.559];0;45;25.35;69.21
[2020-04-14;22:10:45.685];0;45;25.34;69.27
[2020-04-14;22:11:45.823];0;45;25.34;69.45
[2020-04-14;22:12:45.948];0;45;25.31;69.72
[2020-04-14;22:13:46.075];0;45;25.32;69.93
[2020-04-14;22:14:46.216];0;45;25.31;69.96
[2020-04-14;22:15:46.334];0;45;25.33;70.06
[2020-04-14;22:16:46.461];0;45;25.33;70.03
[2020-04-14;22:17:46.602];0;45;25.34;69.82
[2020-04-14;22:18:46.727];0;45;25.32;69.65
[2020-04-14;22:19:46.852];0;45;25.32;69.71
[2020-04-14;22:20:46.978];0;45;25.28;69.48
[2020-04-14;22:21:47.119];0;45;25.31;69.30
[2020-04-14;22:22:47.243];0;45;25.35;69.58
[2020-04-14;22:23:47.368];0;45;25.33;69.38
[2020-04-14;22:24:47.509];0;45;25.33;69.47
[2020-04-14;22:25:47.635];0;45;25.34;69.61
[2020-04-14;22:26:47.769];0;45;25.34;69.49
[2020-04-14;22:27:47.895];0;45;25.33;69.28
[2020-04-14;22:28:48.020];0;44;25.38;69.08
[2020-04-14;22:29:48.154];0;45;25.37;69.08
[2020-04-14;22:30:48.279];0;45;25.40;69.00
[2020-04-14;22:31:48.411];0;44;25.41;68.65
[2020-04-14;22:32:48.536];0;44;25.43;68.52
[2020-04-14;22:33:48.677];0;44;25.41;68.43
[2020-04-14;22:34:48.803];0;45;25.41;68.66
[2020-04-14;22:35:48.928];0;45;25.45;68.83
[2020-04-14;22:36:49.053];0;44;25.45;68.73
[2020-04-14;22:37:49.194];0;44;25.47;68.65
[2020-04-14;22:38:49.319];0;44;25.50;68.56
[2020-04-14;22:39:49.445];0;44;25.48;68.14
[2020-04-14;22:40:49.570];0;44;25.47;68.21
[2020-04-14;22:41:49.696];0;44;25.47;68.26
[2020-04-14;22:42:49.828];0;44;25.45;68.32
[2020-04-14;22:43:49.969];0;44;25.46;68.27
[2020-04-14;22:44:50.096];0;44;25.47;68.05
[2020-04-14;22:45:50.221];0;44;25.48;67.90
[2020-04-14;22:46:50.360];0;44;25.45;67.91
[2020-04-14;22:47:50.485];0;44;25.45;68.00
[2020-04-14;22:48:50.611];0;44;25.44;67.92
[2020-04-14;22:49:50.736];0;44;25.44;67.73
[2020-04-14;22:50:50.877];0;44;25.40;67.77
[2020-04-14;22:51:50.994];0;44;25.40;67.88
[2020-04-14;22:52:51.135];0;44;25.39;67.91
[2020-04-14;22:53:51.261];0;44;25.39;68.01
[2020-04-14;22:54:51.386];0;44;25.38;68.08
[2020-04-14;22:55:51.512];0;44;25.39;68.08
[2020-04-14;22:56:51.645];0;44;25.38;67.85
[2020-04-14;22:57:51.770];0;44;25.37;67.67
[2020-04-14;22:58:51.911];0;44;25.36;67.86
[2020-04-14;22:59:52.031];0;44;25.33;67.82
[2020-04-14;23:00:52.156];0;44;25.31;67.99
[2020-04-14;23:01:52.288];0;44;25.37;68.07
[2020-04-14;23:02:52.429];0;44;25.38;68.29
[2020-04-14;23:03:52.556];0;44;25.39;68.46
[2020-04-14;23:04:52.682];0;44;25.37;68.18
[2020-04-14;23:05:52.807];0;44;25.40;68.21
[2020-04-14;23:06:52.950];0;44;25.40;68.17
[2020-04-14;23:07:53.075];0;44;25.37;68.17
[2020-04-14;23:08:53.201];0;44;25.39;68.32
[2020-04-14;23:09:53.326];0;44;25.40;68.26
[2020-04-14;23:10:53.467];0;44;25.41;68.41
[2020-04-14;23:11:53.588];0;44;25.45;68.83
[2020-04-14;23:12:53.726];0;44;25.47;68.91
[2020-04-14;23:13:53.851];0;44;25.49;68.86
[2020-04-14;23:14:53.977];0;44;25.52;68.60
[2020-04-14;23:15:54.102];0;44;25.48;68.31
[2020-04-14;23:16:54.231];0;44;25.50;68.54
[2020-04-14;23:17:54.372];0;44;25.50;68.31
[2020-04-14;23:18:54.498];0;44;25.50;68.25
[2020-04-14;23:19:54.623];0;44;25.50;69.15
[2020-04-14;23:20:54.764];0;44;25.49;70.11
[2020-04-14;23:21:54.894];0;44;25.47;70.08
[2020-04-14;23:22:55.019];0;44;25.47;70.29
[2020-04-14;23:23:55.145];0;44;25.47;70.40
[2020-04-14;23:24:55.270];0;44;25.44;71.17
[2020-04-14;23:25:55.411];0;44;25.46;70.13
[2020-04-14;23:26:55.537];0;44;25.39;70.08
[2020-04-14;23:27:55.663];0;44;25.38;70.11
[2020-04-14;23:28:55.788];0;44;25.36;70.30
[2020-04-14;23:29:55.922];0;44;25.31;70.24
[2020-04-14;23:30:56.063];0;44;25.33;70.51
[2020-04-14;23:31:56.186];0;44;25.31;70.69
[2020-04-14;23:32:56.311];0;44;25.30;70.83
[2020-04-14;23:33:56.437];0;44;25.28;70.63
[2020-04-14;23:34:56.562];0;44;25.28;70.50
[2020-04-14;23:35:56.703];0;44;25.25;71.05
[2020-04-14;23:36:56.830];0;44;25.20;71.09
[2020-04-14;23:37:56.955];0;44;25.22;70.26
[2020-04-14;23:38:57.096];0;44;25.20;71.30
[2020-04-14;23:39:57.221];0;44;25.22;70.84
[2020-04-14;23:40:57.347];0;44;25.22;70.90
[2020-04-14;23:41:57.477];0;44;25.23;70.82
[2020-04-14;23:42:57.605];0;44;25.22;71.63
[2020-04-14;23:43:57.730];0;44;25.18;70.22
[2020-04-14;23:44:57.860];0;44;25.18;70.72
[2020-04-14;23:45:58.001];0;44;25.15;71.26
[2020-04-14;23:46:58.129];0;44;25.13;71.30
[2020-04-14;23:47:58.255];0;44;25.14;71.32
[2020-04-14;23:48:58.380];0;44;25.13;71.38
[2020-04-14;23:49:58.521];0;44;25.12;71.83
[2020-04-14;23:50:58.646];0;44;25.14;71.94
[2020-04-14;23:51:58.775];0;44;25.16;71.96
[2020-04-14;23:52:58.900];0;44;25.16;72.85
[2020-04-14;23:53:59.041];0;44;25.16;72.06
[2020-04-14;23:54:59.167];0;44;25.07;71.39
[2020-04-14;23:55:59.292];0;44;25.11;71.19
[2020-04-14;23:56:59.426];0;44;25.12;71.19
[2020-04-14;23:57:59.551];0;44;25.11;71.30
[2020-04-14;23:58:59.677];0;44;25.10;71.33
[2020-04-14;23:59:59.804];0;44;25.10;71.55
[2020-04-15;00:00:59.945];0;44;25.10;70.75
[2020-04-15;00:02:00.068];0;44;25.11;71.22
[2020-04-15;00:03:00.193];0;44;25.08;71.13
[2020-04-15;00:04:00.334];0;44;25.06;70.32
[2020-04-15;00:05:00.460];0;44;25.05;70.92
[2020-04-15;00:06:00.585];0;44;25.02;71.22
[2020-04-15;00:07:00.722];0;44;25.00;71.19
[2020-04-15;00:08:00.848];0;44;25.01;71.15
[2020-04-15;00:09:00.973];0;44;25.02;71.29
[2020-04-15;00:10:01.114];0;44;25.01;71.05
[2020-04-15;00:11:01.239];0;44;25.00;71.24
[2020-04-15;00:12:01.371];0;44;24.97;71.70
[2020-04-15;00:13:01.497];0;44;24.99;71.45
[2020-04-15;00:14:01.622];0;44;24.99;71.77
[2020-04-15;00:15:01.752];0;44;24.95;71.40
[2020-04-15;00:16:01.878];0;44;24.95;71.11
[2020-04-15;00:17:02.016];0;44;24.93;71.46
[2020-04-15;00:18:02.145];0;44;24.92;70.76
[2020-04-15;00:19:02.270];0;44;24.89;71.84
[2020-04-15;00:20:02.395];0;44;24.89;71.23
[2020-04-15;00:21:02.536];0;44;24.88;71.48
[2020-04-15;00:22:02.666];0;44;24.89;71.45
[2020-04-15;00:23:02.792];0;44;24.86;71.50
[2020-04-15;00:24:02.917];0;44;24.89;71.95
[2020-04-15;00:25:03.043];0;44;24.91;71.87
[2020-04-15;00:26:03.184];0;44;24.92;71.44
[2020-04-15;00:27:03.304];0;44;24.89;70.97
[2020-04-15;00:28:03.445];0;44;24.88;71.10
[2020-04-15;00:29:03.570];0;44;24.90;71.53
[2020-04-15;00:30:03.699];0;43;24.88;71.20
[2020-04-15;00:31:03.825];0;43;24.87;71.51
[2020-04-15;00:32:03.956];0;43;24.84;71.99
[2020-04-15;00:33:04.081];0;43;24.84;72.74
[2020-04-15;00:34:04.207];0;43;24.84;72.10
[2020-04-15;00:35:04.348];0;45;24.84;71.81
[2020-04-15;00:36:04.473];0;43;24.86;72.13
[2020-04-15;00:37:04.598];0;43;24.84;72.58
[2020-04-15;00:38:04.723];0;43;24.86;72.71
[2020-04-15;00:39:04.864];0;43;24.85;72.35
[2020-04-15;00:40:04.990];0;43;24.84;72.33
[2020-04-15;00:41:05.115];0;43;24.86;71.90
[2020-04-15;00:42:05.244];0;43;24.84;71.29
[2020-04-15;00:43:05.391];0;43;24.85;71.73
[2020-04-15;00:44:05.516];0;43;24.84;71.72
[2020-04-15;00:45:05.634];0;43;24.84;71.53
[2020-04-15;00:46:05.763];0;43;24.82;71.99
[2020-04-15;00:47:05.898];0;43;24.84;72.56
[2020-04-15;00:48:06.023];0;43;24.85;72.52
[2020-04-15;00:49:06.149];0;43;24.81;72.17
[2020-04-15;00:50:06.290];0;43;24.79;71.69
[2020-04-15;00:51:06.415];0;43;24.79;71.53
[2020-04-15;00:52:06.536];0;43;24.79;71.50
[2020-04-15;00:53:06.677];0;43;24.80;71.74
[2020-04-15;00:54:06.803];0;43;24.77;71.83
[2020-04-15;00:55:06.928];0;43;24.78;72.18
[2020-04-15;00:56:07.069];0;43;24.79;72.04
[2020-04-15;00:57:07.199];0;43;24.76;72.07
[2020-04-15;00:58:07.324];0;43;24.77;72.14
[2020-04-15;00:59:07.450];0;43;24.76;72.01
[2020-04-15;01:00:07.581];0;43;24.76;71.81
[2020-04-15;01:01:07.706];0;43;24.74;71.68
[2020-04-15;01:02:07.834];0;43;24.73;71.71
[2020-04-15;01:03:07.975];0;43;24.72;72.19
[2020-04-15;01:04:08.102];0;43;24.72;71.58
[2020-04-15;01:05:08.224];0;43;24.71;72.00
[2020-04-15;01:06:08.364];0;43;24.71;72.42
[2020-04-15;01:07:08.488];0;43;24.70;72.26
[2020-04-15;01:08:08.613];0;43;24.71;72.03
[2020-04-15;01:09:08.739];0;43;24.68;72.42
[2020-04-15;01:10:08.880];0;43;24.67;72.20
[2020-04-15;01:11:09.005];0;43;24.68;72.29
[2020-04-15;01:12:09.131];0;43;24.66;72.50
[2020-04-15;01:13:09.261];0;43;24.62;72.10
[2020-04-15;01:14:09.402];0;43;24.61;71.62
[2020-04-15;01:15:09.518];0;43;24.62;71.87
[2020-04-15;01:16:09.651];0;43;24.61;71.68
[2020-04-15;01:17:09.782];0;43;24.60;72.01
[2020-04-15;01:18:09.906];0;43;24.60;72.25
[2020-04-15;01:19:10.047];0;43;24.57;71.78
[2020-04-15;01:20:10.172];0;43;24.55;71.99
[2020-04-15;01:21:10.297];0;43;24.56;72.18
[2020-04-15;01:22:10.427];0;43;24.57;72.06
[2020-04-15;01:23:10.568];0;43;24.56;71.96
[2020-04-15;01:24:10.694];0;43;24.54;72.04
[2020-04-15;01:25:10.819];0;43;24.52;71.98
[2020-04-15;01:26:10.945];0;43;24.51;72.25
[2020-04-15;01:27:11.078];0;43;24.50;72.57
[2020-04-15;01:28:11.203];0;43;24.50;72.15
[2020-04-15;01:29:11.344];0;43;24.48;72.21
[2020-04-15;01:30:11.459];0;43;24.47;71.86
[2020-04-15;01:31:11.600];0;43;24.47;72.26
[2020-04-15;01:32:11.724];0;43;24.46;72.17
[2020-04-15;01:33:11.849];0;43;24.42;72.30
[2020-04-15;01:34:11.990];0;43;24.41;71.66
[2020-04-15;01:35:12.116];0;43;24.40;71.95
[2020-04-15;01:36:12.241];0;43;24.37;72.12
[2020-04-15;01:37:12.366];0;43;24.37;72.04
[2020-04-15;01:38:12.507];0;43;24.38;72.77
[2020-04-15;01:39:12.633];0;43;24.39;72.56
[2020-04-15;01:40:12.758];0;43;24.38;72.85
[2020-04-15;01:41:12.899];0;43;24.39;72.82
[2020-04-15;01:42:13.024];0;43;24.37;72.93
[2020-04-15;01:43:13.151];0;43;24.39;73.12
[2020-04-15;01:44:13.289];0;43;24.38;72.24
[2020-04-15;01:45:13.410];0;43;24.37;72.55
[2020-04-15;01:46:13.535];0;43;24.37;72.33
[2020-04-15;01:47:13.670];0;43;24.37;72.55
[2020-04-15;01:48:13.795];0;43;24.35;72.46
[2020-04-15;01:49:13.936];0;43;24.34;72.32
[2020-04-15;01:50:14.062];0;43;24.32;72.21
[2020-04-15;01:51:14.187];0;43;24.32;72.44
[2020-04-15;01:52:14.319];0;43;24.30;72.69
[2020-04-15;01:53:14.444];0;43;24.29;72.84
[2020-04-15;01:54:14.585];0;43;24.28;72.59
[2020-04-15;01:55:14.711];0;43;24.29;72.73
[2020-04-15;01:56:14.836];0;43;24.31;72.80
[2020-04-15;01:57:14.966];0;43;24.32;72.67
[2020-04-15;01:58:15.092];0;43;24.32;72.20
[2020-04-15;01:59:15.233];0;43;24.33;72.45
[2020-04-15;02:00:15.360];0;43;24.34;72.72
[2020-04-15;02:01:15.486];0;43;24.32;72.50
[2020-04-15;02:02:15.619];0;43;24.34;72.59
[2020-04-15;02:03:15.744];0;43;24.35;71.77
[2020-04-15;02:04:15.869];0;43;24.35;72.28
[2020-04-15;02:05:15.995];0;43;24.38;72.76
[2020-04-15;02:06:16.136];0;43;24.39;73.41
[2020-04-15;02:07:16.270];0;43;24.40;72.08
[2020-04-15;02:08:16.396];0;43;24.42;72.43
[2020-04-15;02:09:16.521];0;43;24.41;71.91
[2020-04-15;02:10:16.646];0;43;24.39;72.24
[2020-04-15;02:11:16.787];0;43;24.38;71.84
[2020-04-15;02:12:16.913];0;43;24.39;70.96
[2020-04-15;02:13:17.036];0;43;24.36;71.81
[2020-04-15;02:14:17.177];0;43;24.37;71.12
[2020-04-15;02:15:17.296];0;43;24.34;71.61
[2020-04-15;02:16:17.426];0;43;24.36;71.61
[2020-04-15;02:17:17.559];0;43;24.35;71.60
[2020-04-15;02:18:17.685];0;43;24.35;71.43
[2020-04-15;02:19:17.810];0;43;24.36;71.73
[2020-04-15;02:20:17.951];0;43;24.37;72.23
[2020-04-15;02:21:18.077];0;43;24.39;72.29
[2020-04-15;02:22:18.209];0;44;24.40;72.52
[2020-04-15;02:23:18.335];0;43;24.39;72.21
[2020-04-15;02:24:18.460];0;43;24.43;72.95
[2020-04-15;02:25:18.601];0;43;24.46;72.35
[2020-04-15;02:26:18.720];0;43;24.46;72.36
[2020-04-15;02:27:18.848];0;43;24.49;71.92
[2020-04-15;02:28:18.989];0;43;24.51;72.59
[2020-04-15;02:29:19.115];0;43;24.54;72.37
[2020-04-15;02:30:19.248];0;43;24.56;72.51
[2020-04-15;02:31:19.374];0;43;24.57;71.40
[2020-04-15;02:32:19.504];0;43;24.56;71.02
[2020-04-15;02:33:19.629];0;43;24.55;70.79
[2020-04-15;02:34:19.755];0;43;24.52;70.41
[2020-04-15;02:35:19.889];0;43;24.51;70.63
[2020-04-15;02:36:20.019];0;43;24.50;70.63
[2020-04-15;02:37:20.151];0;43;24.49;70.88
[2020-04-15;02:38:20.276];0;43;24.50;70.61
[2020-04-15;02:39:20.401];0;43;24.47;70.79
[2020-04-15;02:40:20.542];0;43;24.48;70.92
[2020-04-15;02:41:20.669];0;43;24.48;70.85
[2020-04-15;02:42:20.795];0;43;24.48;70.21
[2020-04-15;02:43:20.930];0;43;24.44;69.73
[2020-04-15;02:44:21.062];0;43;24.43;70.10
[2020-04-15;02:45:21.180];0;43;24.40;70.26
[2020-04-15;02:46:21.321];0;43;24.39;69.86
[2020-04-15;02:47:21.438];0;43;24.38;70.05
[2020-04-15;02:48:21.579];0;43;24.35;70.00
[2020-04-15;02:49:21.704];0;43;24.33;69.89
[2020-04-15;02:50:21.830];0;43;24.32;69.66
[2020-04-15;02:51:21.966];0;43;24.31;70.04
[2020-04-15;02:52:22.091];0;43;24.30;68.92
[2020-04-15;02:53:22.216];0;43;24.28;69.41
[2020-04-15;02:54:22.357];0;43;24.28;69.54
[2020-04-15;02:55:22.483];0;43;24.30;70.12
[2020-04-15;02:56:22.605];0;43;24.29;69.45
[2020-04-15;02:57:22.746];0;43;24.27;69.92
[2020-04-15;02:58:22.872];0;43;24.27;69.81
[2020-04-15;02:59:22.997];0;43;24.25;68.95
[2020-04-15;03:00:23.122];0;43;24.24;69.01
[2020-04-15;03:01:23.263];0;43;24.26;69.68
[2020-04-15;03:02:23.378];0;43;24.24;69.01
[2020-04-15;03:03:23.519];0;43;24.25;69.14
[2020-04-15;03:04:23.645];0;43;24.23;68.63
[2020-04-15;03:05:23.770];0;43;24.20;69.19
[2020-04-15;03:06:23.900];0;43;24.18;68.98
[2020-04-15;03:07:24.029];0;43;24.22;69.31
[2020-04-15;03:08:24.170];0;43;24.19;68.60
[2020-04-15;03:09:24.296];0;43;24.22;69.06
[2020-04-15;03:10:24.421];0;43;24.20;68.93
[2020-04-15;03:11:24.554];0;43;24.22;68.84
[2020-04-15;03:12:24.679];0;43;24.18;68.36
[2020-04-15;03:13:24.808];0;43;24.16;69.09
[2020-04-15;03:14:24.933];0;43;24.16;68.83
[2020-04-15;03:15:25.066];0;43;24.15;68.14
[2020-04-15;03:16:25.196];0;43;24.13;68.30
[2020-04-15;03:17:25.321];0;43;24.13;68.13
[2020-04-15;03:18:25.462];0;43;24.11;68.80
[2020-04-15;03:19:25.588];0;43;24.09;68.71
[2020-04-15;03:20:25.713];0;43;24.09;68.23
[2020-04-15;03:21:25.845];0;43;24.10;68.67
[2020-04-15;03:22:25.970];0;43;24.09;68.44
[2020-04-15;03:23:26.111];0;43;24.09;68.81
[2020-04-15;03:24:26.236];0;43;24.08;67.87
[2020-04-15;03:25:26.362];0;42;24.06;68.36
[2020-04-15;03:26:26.490];0;42;24.10;68.89
[2020-04-15;03:27:26.631];0;43;24.03;68.08
[2020-04-15;03:28:26.756];0;42;24.03;68.06
[2020-04-15;03:29:26.882];0;42;24.04;68.12
[2020-04-15;03:30:27.007];0;42;24.00;67.83
[2020-04-15;03:31:27.149];0;43;24.03;68.27
[2020-04-15;03:32:27.274];0;42;24.03;67.91
[2020-04-15;03:33:27.400];0;42;23.97;67.45
[2020-04-15;03:34:27.541];0;42;23.94;67.73
[2020-04-15;03:35:27.666];0;42;23.97;68.19
[2020-04-15;03:36:27.792];0;42;23.95;67.46
[2020-04-15;03:37:27.917];0;42;23.96;68.41
[2020-04-15;03:38:28.058];0;42;23.96;67.63
[2020-04-15;03:39:28.184];0;42;23.94;68.11
[2020-04-15;03:40:28.309];0;42;23.95;68.00
[2020-04-15;03:41:28.436];0;42;23.96;68.11
[2020-04-15;03:42:28.562];0;42;23.94;67.59
[2020-04-15;03:43:28.703];0;42;23.90;67.72
[2020-04-15;03:44:28.835];0;42;23.89;67.72
[2020-04-15;03:45:28.961];0;42;23.89;67.64
[2020-04-15;03:46:29.079];0;42;23.90;67.88
[2020-04-15;03:47:29.220];0;42;23.89;68.00
[2020-04-15;03:48:29.345];0;42;23.87;67.87
[2020-04-15;03:49:29.471];0;43;23.88;67.67
[2020-04-15;03:50:29.612];0;42;23.88;67.54
[2020-04-15;03:51:29.728];0;42;23.87;67.56
[2020-04-15;03:52:29.869];0;42;23.88;67.71
[2020-04-15;03:53:29.994];0;42;23.87;67.86
[2020-04-15;03:54:30.120];0;42;23.88;67.75
[2020-04-15;03:55:30.245];0;42;23.89;68.51
[2020-04-15;03:56:30.379];0;42;23.92;67.97
[2020-04-15;03:57:30.505];0;42;23.93;67.79
[2020-04-15;03:58:30.646];0;42;23.93;68.06
[2020-04-15;03:59:30.771];0;42;23.96;68.46
[2020-04-15;04:00:30.896];0;42;23.96;67.92
[2020-04-15;04:01:31.035];0;42;23.92;67.85
[2020-04-15;04:02:31.160];0;42;23.97;68.67
[2020-04-15;04:03:31.286];0;42;24.04;68.85
[2020-04-15;04:04:31.411];0;42;24.08;69.01
[2020-04-15;04:05:31.552];0;42;24.13;69.01
[2020-04-15;04:06:31.679];0;42;24.13;68.62
[2020-04-15;04:07:31.804];0;42;24.14;67.69
[2020-04-15;04:08:31.930];0;42;24.10;67.41
[2020-04-15;04:09:32.071];0;42;24.13;68.31
[2020-04-15;04:10:32.196];0;42;24.11;67.94
[2020-04-15;04:11:32.317];0;42;24.09;68.03
[2020-04-15;04:12:32.458];0;42;24.09;67.79
[2020-04-15;04:13:32.583];0;42;24.08;67.66
[2020-04-15;04:14:32.709];0;42;24.06;67.64
[2020-04-15;04:15:32.845];0;42;24.03;67.73
[2020-04-15;04:16:32.969];0;42;24.05;67.87
[2020-04-15;04:17:33.110];0;42;24.06;68.23
[2020-04-15;04:18:33.236];0;42;24.09;68.27
[2020-04-15;04:19:33.361];0;42;24.07;68.43
[2020-04-15;04:20:33.486];0;42;24.08;68.41
[2020-04-15;04:21:33.618];0;42;24.09;68.18
[2020-04-15;04:22:33.744];0;42;24.06;68.20
[2020-04-15;04:23:33.885];0;42;24.06;68.35
[2020-04-15;04:24:34.010];0;42;24.06;68.00
[2020-04-15;04:25:34.136];0;42;24.05;68.26
[2020-04-15;04:26:34.261];0;42;24.06;67.97
[2020-04-15;04:27:34.402];0;42;24.04;68.11
[2020-04-15;04:28:34.528];0;42;24.05;67.91
[2020-04-15;04:29:34.653];0;42;24.01;67.81
[2020-04-15;04:30:34.779];0;42;24.00;67.87
[2020-04-15;04:31:34.917];0;42;23.99;68.15
[2020-04-15;04:32:35.043];0;42;24.01;68.15
[2020-04-15;04:33:35.168];0;42;24.01;68.33
[2020-04-15;04:34:35.309];0;42;24.01;68.03
[2020-04-15;04:35:35.435];0;42;24.02;68.29
[2020-04-15;04:36:35.555];0;42;23.99;68.41
[2020-04-15;04:37:35.696];0;42;24.02;67.96
[2020-04-15;04:38:35.821];0;42;24.01;67.85
[2020-04-15;04:39:35.947];0;42;23.99;67.55
[2020-04-15;04:40:36.072];0;42;23.97;67.78
[2020-04-15;04:41:36.216];0;42;24.00;68.31
[2020-04-15;04:42:36.342];0;42;24.02;68.11
[2020-04-15;04:43:36.464];0;42;24.03;68.25
[2020-04-15;04:44:36.599];0;42;24.03;68.14
[2020-04-15;04:45:36.722];0;42;24.02;68.11
[2020-04-15;04:46:36.865];0;42;24.06;68.38
[2020-04-15;04:47:36.990];0;42;24.05;67.71
[2020-04-15;04:48:37.116];0;42;24.04;67.76
[2020-04-15;04:49:37.241];0;42;24.02;67.63
[2020-04-15;04:50:37.382];0;42;24.03;67.91
[2020-04-15;04:51:37.506];0;42;24.02;67.76
[2020-04-15;04:52:37.631];0;42;24.02;67.93
[2020-04-15;04:53:37.757];0;42;24.01;67.91
[2020-04-15;04:54:37.898];0;42;23.99;67.90
[2020-04-15;04:55:38.023];0;42;24.02;68.26
[2020-04-15;04:56:38.144];0;42;24.04;68.42
[2020-04-15;04:57:38.285];0;42;24.07;68.28
[2020-04-15;04:58:38.410];0;42;24.09;68.47
[2020-04-15;04:59:38.536];0;42;24.13;68.46
[2020-04-15;05:00:38.667];0;42;24.15;68.56
[2020-04-15;05:01:38.803];0;42;24.15;68.01
[2020-04-15;05:02:38.929];0;42;24.14;67.85
[2020-04-15;05:03:39.054];0;42;24.17;68.23
[2020-04-15;05:04:39.195];0;42;24.16;67.85
[2020-04-15;05:05:39.320];0;42;24.13;67.70
[2020-04-15;05:06:39.442];0;42;24.11;67.79
[2020-04-15;05:07:39.567];0;42;24.09;67.79
[2020-04-15;05:08:39.708];0;42;24.08;67.70
[2020-04-15;05:09:39.834];0;42;24.08;67.43
[2020-04-15;05:10:39.959];0;42;24.05;67.43
[2020-04-15;05:11:40.102];0;42;24.01;67.42
[2020-04-15;05:12:40.223];0;42;23.99;67.46
[2020-04-15;05:13:40.347];0;42;23.96;67.65
[2020-04-15;05:14:40.480];0;42;23.95;68.16
[2020-04-15;05:15:40.620];0;42;23.94;67.91
[2020-04-15;05:16:40.747];0;42;23.92;67.98
[2020-04-15;05:17:40.872];0;42;23.92;68.21
[2020-04-15;05:18:40.997];0;42;23.93;68.21
[2020-04-15;05:19:41.123];0;42;23.92;68.16
[2020-04-15;05:20:41.264];0;42;23.90;68.28
[2020-04-15;05:21:41.394];0;42;23.91;68.35
[2020-04-15;05:22:41.519];0;42;23.89;68.28
[2020-04-15;05:23:41.645];0;42;23.92;68.35
[2020-04-15;05:24:41.770];0;42;23.90;68.27
[2020-04-15;05:25:41.911];0;42;23.90;68.41
[2020-04-15;05:26:42.039];0;42;23.92;68.44
[2020-04-15;05:27:42.164];0;42;23.97;68.92
[2020-04-15;05:28:42.290];0;42;23.99;68.21
[2020-04-15;05:29:42.431];0;42;24.00;67.86
[2020-04-15;05:30:42.550];0;42;24.02;68.12
[2020-04-15;05:31:42.683];0;41;24.05;68.53
[2020-04-15;05:32:42.808];0;42;24.05;67.92
[2020-04-15;05:33:42.949];0;42;24.03;67.84
[2020-04-15;05:34:43.075];0;42;24.03;68.21
[2020-04-15;05:35:43.200];0;42;24.06;68.01
[2020-04-15;05:36:43.337];0;41;24.03;67.80
[2020-04-15;05:37:43.463];0;42;24.03;67.94
[2020-04-15;05:38:43.588];0;41;24.01;67.68
[2020-04-15;05:39:43.714];0;42;24.04;68.02
[2020-04-15;05:40:43.855];0;42;24.06;68.17
[2020-04-15;05:41:43.974];0;41;24.09;67.86
[2020-04-15;05:42:44.115];0;42;24.11;67.64
[2020-04-15;05:43:44.240];0;42;24.14;67.85
[2020-04-15;05:44:44.369];0;42;24.11;67.44
[2020-04-15;05:45:44.496];0;42;24.09;67.33
[2020-04-15;05:46:44.634];0;41;24.10;67.27
[2020-04-15;05:47:44.759];0;42;24.09;67.29
[2020-04-15;05:48:44.885];0;42;24.08;67.34
[2020-04-15;05:49:45.010];0;42;24.08;67.44
[2020-04-15;05:50:45.151];0;41;24.05;67.55
[2020-04-15;05:51:45.267];0;42;24.06;67.54
[2020-04-15;05:52:45.409];0;42;24.05;67.63
[2020-04-15;05:53:45.534];0;41;24.05;67.59
[2020-04-15;05:54:45.659];0;41;24.03;67.62
[2020-04-15;05:55:45.800];0;42;24.03;67.50
[2020-04-15;05:56:45.927];0;41;24.03;67.47
[2020-04-15;05:57:46.053];0;42;24.02;67.50
[2020-04-15;05:58:46.178];0;42;24.00;67.13
[2020-04-15;05:59:46.319];0;41;24.00;67.09
[2020-04-15;06:00:46.437];0;41;24.01;67.26
[2020-04-15;06:01:46.573];0;41;24.02;67.13
[2020-04-15;06:02:46.698];0;41;24.00;67.03
[2020-04-15;06:03:46.824];0;41;23.99;67.14
[2020-04-15;06:04:46.965];0;41;23.97;67.12
[2020-04-15;06:05:47.090];0;41;23.97;67.11
[2020-04-15;06:06:47.215];0;41;23.98;67.27
[2020-04-15;06:07:47.341];0;41;24.00;67.56
[2020-04-15;06:08:47.482];0;41;24.00;67.05
[2020-04-15;06:09:47.607];0;41;23.97;66.82
[2020-04-15;06:10:47.732];0;41;23.98;66.91
[2020-04-15;06:11:47.862];0;41;23.96;66.73
[2020-04-15;06:12:48.000];0;41;23.96;66.38
[2020-04-15;06:13:48.126];0;41;23.96;66.54
[2020-04-15;06:14:48.251];0;41;23.95;66.48
[2020-04-15;06:15:48.377];0;41;23.93;66.80
[2020-04-15;06:16:48.508];0;41;23.93;66.61
[2020-04-15;06:17:48.649];0;41;23.90;66.45
[2020-04-15;06:18:48.774];0;41;23.90;66.28
[2020-04-15;06:19:48.900];0;41;23.90;67.05
[2020-04-15;06:20:49.025];0;41;23.89;66.71
[2020-04-15;06:21:49.165];0;41;23.88;66.91
[2020-04-15;06:22:49.291];0;41;23.86;66.77
[2020-04-15;06:23:49.416];0;41;23.88;67.10
[2020-04-15;06:24:49.557];0;41;23.86;66.99
[2020-04-15;06:25:49.683];0;41;23.86;67.16
[2020-04-15;06:26:49.807];0;41;23.88;67.00
[2020-04-15;06:27:49.933];0;41;23.86;67.01
[2020-04-15;06:28:50.074];0;41;23.88;67.04
[2020-04-15;06:29:50.205];0;41;23.90;67.16
[2020-04-15;06:30:50.330];0;41;23.89;66.99
[2020-04-15;06:31:50.457];0;41;23.88;67.00
[2020-04-15;06:32:50.583];0;41;23.89;67.31
[2020-04-15;06:33:50.708];0;41;23.92;67.22
[2020-04-15;06:34:50.849];0;41;23.92;67.34
[2020-04-15;06:35:50.975];0;41;23.92;67.28
[2020-04-15;06:36:51.099];0;42;23.92;67.41
[2020-04-15;06:37:51.240];0;41;23.95;67.32
[2020-04-15;06:38:51.365];0;42;23.95;67.38
[2020-04-15;06:39:51.491];0;42;23.95;67.45
[2020-04-15;06:40:51.616];0;42;23.97;67.39
[2020-04-15;06:41:51.759];0;42;23.97;67.11
[2020-04-15;06:42:51.875];1;42;23.96;67.05
[2020-04-15;06:43:52.017];1;42;23.96;67.03
[2020-04-15;06:44:52.148];1;42;23.97;67.16
[2020-04-15;06:45:52.267];1;42;23.93;67.43
[2020-04-15;06:46:52.394];1;42;23.94;67.40
[2020-04-15;06:47:52.535];1;42;23.99;67.35
[2020-04-15;06:48:52.661];1;42;24.03;67.66
[2020-04-15;06:49:52.786];1;42;24.04;67.44
[2020-04-15;06:50:52.911];1;41;24.08;67.79
[2020-04-15;06:51:53.039];1;42;24.08;67.35
[2020-04-15;06:52:53.180];1;42;24.10;67.32
[2020-04-15;06:53:53.305];1;41;24.11;67.35
[2020-04-15;06:54:53.430];1;42;24.08;67.33
[2020-04-15;06:55:53.571];1;42;24.14;67.51
[2020-04-15;06:56:53.690];1;42;24.16;67.57
[2020-04-15;06:57:53.831];1;42;24.17;67.48
[2020-04-15;06:58:53.957];1;41;24.20;67.57
[2020-04-15;06:59:54.079];1;42;24.23;67.71
[2020-04-15;07:00:54.204];1;42;24.25;67.71
[2020-04-15;07:01:54.348];1;42;24.28;67.67
[2020-04-15;07:02:54.473];1;42;24.28;67.37
[2020-04-15;07:03:54.599];1;42;24.32;67.55
[2020-04-15;07:04:54.724];1;41;24.34;67.78
[2020-04-15;07:05:54.865];1;42;24.37;67.78
[2020-04-15;07:06:54.987];1;42;24.39;67.68
[2020-04-15;07:07:55.114];1;42;24.43;67.75
[2020-04-15;07:08:55.255];1;41;24.43;67.34
[2020-04-15;07:09:55.380];1;42;24.47;67.56
[2020-04-15;07:10:55.506];1;41;24.45;67.22
[2020-04-15;07:11:55.640];1;42;24.44;66.96
[2020-04-15;07:12:55.769];1;41;24.50;67.16
[2020-04-15;07:13:55.894];1;42;24.51;66.92
[2020-04-15;07:14:56.027];1;42;24.53;67.07
[2020-04-15;07:15:56.157];1;41;24.51;66.62
[2020-04-15;07:16:56.277];1;42;24.53;66.79
[2020-04-15;07:17:56.418];1;42;24.53;66.26
[2020-04-15;07:18:56.544];1;41;24.54;66.45
[2020-04-15;07:19:56.669];1;42;24.56;66.33
[2020-04-15;07:20:56.795];1;41;24.57;66.43
[2020-04-15;07:21:56.925];1;41;24.59;66.63
[2020-04-15;07:22:57.066];1;42;24.57;66.31
[2020-04-15;07:23:57.191];1;41;24.57;66.25
[2020-04-15;07:24:57.317];1;42;24.59;66.33
[2020-04-15;07:25:57.458];1;42;24.59;66.14
[2020-04-15;07:26:57.580];1;41;24.57;65.98
[2020-04-15;07:27:57.706];1;41;24.56;66.14
[2020-04-15;07:28:57.831];1;41;24.58;66.16
[2020-04-15;07:29:57.972];1;41;24.58;66.27
[2020-04-15;07:30:58.098];1;41;24.58;65.71
[2020-04-15;07:31:58.232];1;41;24.56;65.74
[2020-04-15;07:32:58.357];1;41;24.59;65.92
[2020-04-15;07:33:58.482];1;41;24.61;66.11
[2020-04-15;07:34:58.623];1;41;24.63;66.59
[2020-04-15;07:35:58.749];1;42;24.66;66.81
[2020-04-15;07:36:58.874];1;41;24.67;67.12
[2020-04-15;07:37:58.999];1;41;24.70;67.31
[2020-04-15;07:38:59.140];1;41;24.70;67.24
[2020-04-15;07:39:59.266];1;42;24.67;66.41
[2020-04-15;07:40:59.391];1;42;24.64;65.89
[2020-04-15;07:41:59.519];1;42;24.68;67.07
[2020-04-15;07:42:59.655];1;41;24.67;67.92
[2020-04-15;07:43:59.781];1;41;24.71;68.28
[2020-04-15;07:44:59.918];1;42;24.71;67.91
[2020-04-15;07:46:00.044];1;41;24.73;67.56
[2020-04-15;07:47:00.163];1;41;24.74;67.00
[2020-04-15;07:48:00.304];1;41;24.76;66.70
[2020-04-15;07:49:00.429];1;41;24.80;67.03
[2020-04-15;07:50:00.554];1;41;24.80;67.03
[2020-04-15;07:51:00.695];1;41;24.81;66.98
[2020-04-15;07:52:00.826];1;42;24.85;67.21
[2020-04-15;07:53:00.951];1;41;24.88;67.33
[2020-04-15;07:54:01.077];1;41;24.90;67.58
[2020-04-15;07:55:01.202];1;41;24.83;66.06
[2020-04-15;07:56:01.343];1;41;24.80;65.81
[2020-04-15;07:57:01.464];1;41;24.82;66.12
[2020-04-15;07:58:01.589];1;41;24.73;66.10
[2020-04-15;07:59:01.730];1;41;24.78;66.17
[2020-04-15;08:00:01.855];1;41;24.83;66.52
[2020-04-15;08:01:01.982];1;41;24.86;66.91
[2020-04-15;08:02:02.108];1;41;24.88;67.09
[2020-04-15;08:03:02.244];1;41;24.88;66.91
[2020-04-15;08:04:02.368];1;41;24.90;67.27
[2020-04-15;08:05:02.509];1;41;24.93;67.14
[2020-04-15;08:06:02.634];1;41;24.98;67.19
[2020-04-15;08:07:02.758];1;41;25.01;67.17
[2020-04-15;08:08:02.884];1;41;25.02;66.44
[2020-04-15;08:09:03.024];1;41;25.00;66.43
[2020-04-15;08:10:03.150];1;41;24.96;65.49
[2020-04-15;08:11:03.275];1;42;24.93;65.72
[2020-04-15;08:12:03.415];1;41;24.90;65.43
[2020-04-15;08:13:03.543];1;42;24.83;65.54
[2020-04-15;08:14:03.668];1;41;24.82;65.78
[2020-04-15;08:15:03.804];1;41;24.84;65.94
[2020-04-15;08:16:03.929];1;41;24.84;66.52
[2020-04-15;08:17:04.057];1;41;24.88;66.57
[2020-04-15;08:18:04.182];1;41;24.91;66.82
[2020-04-15;08:19:04.323];1;41;24.95;67.07
[2020-04-15;08:20:04.441];1;41;24.99;67.18
[2020-04-15;08:21:04.582];1;41;25.02;66.91
[2020-04-15;08:22:04.708];1;41;25.05;66.80
[2020-04-15;08:23:04.834];1;41;25.07;66.96
[2020-04-15;08:24:04.959];1;41;25.06;66.35
[2020-04-15;08:25:05.100];1;41;25.06;65.86
[2020-04-15;08:26:05.225];1;41;25.08;65.99
[2020-04-15;08:27:05.346];1;41;25.11;66.45
[2020-04-15;08:28:05.487];1;42;25.15;66.65
[2020-04-15;08:29:05.612];1;41;25.18;66.77
[2020-04-15;08:30:05.748];1;41;25.21;66.60
[2020-04-15;08:31:05.874];1;41;25.24;66.78
[2020-04-15;08:32:05.995];1;41;25.27;66.62
[2020-04-15;08:33:06.136];1;41;25.30;66.73
[2020-04-15;08:34:06.262];1;41;25.33;66.61
[2020-04-15;08:35:06.387];1;41;25.36;66.52
[2020-04-15;08:36:06.512];1;41;25.38;66.42
[2020-04-15;08:37:06.648];1;41;25.40;66.39
[2020-04-15;08:38:06.773];1;41;25.41;66.13
[2020-04-15;08:39:06.914];1;41;25.44;66.21
[2020-04-15;08:40:07.040];1;41;25.45;66.31
[2020-04-15;08:41:07.165];1;41;25.44;65.44
[2020-04-15;08:42:07.289];1;41;25.48;65.64
[2020-04-15;08:43:07.425];1;41;25.44;65.05
[2020-04-15;08:44:07.550];1;41;25.42;64.92
[2020-04-15;08:45:07.678];1;41;25.38;64.61
[2020-04-15;08:46:07.819];1;41;25.37;64.58
[2020-04-15;08:47:07.949];1;41;25.35;64.32
[2020-04-15;08:48:08.074];1;41;25.34;64.44
[2020-04-15;08:49:08.200];1;41;25.31;64.50
[2020-04-15;08:50:08.341];1;41;25.26;64.87
[2020-04-15;08:51:08.466];1;42;25.24;64.92
[2020-04-15;08:52:08.595];1;42;25.26;64.75
[2020-04-15;08:53:08.720];1;42;25.23;64.26
[2020-04-15;08:54:08.845];1;42;25.25;64.27
[2020-04-15;08:55:08.986];1;42;25.28;64.43
[2020-04-15;08:56:09.114];1;42;25.30;64.82
[2020-04-15;08:57:09.247];1;42;25.33;65.25
[2020-04-15;08:58:09.373];1;42;25.34;65.54
[2020-04-15;08:59:09.498];1;42;25.31;63.99
[2020-04-15;09:00:09.624];1;42;25.35;64.15
[2020-04-15;09:01:09.749];1;42;25.41;64.53
[2020-04-15;09:02:09.890];1;42;25.46;65.04
[2020-04-15;09:03:10.016];1;42;25.51;65.26
[2020-04-15;09:04:10.141];1;42;25.52;65.01
[2020-04-15;09:05:10.282];1;42;25.55;64.59
[2020-04-15;09:06:10.408];1;42;25.58;64.95
[2020-04-15;09:07:10.528];1;42;25.62;65.11
[2020-04-15;09:08:10.669];1;42;25.61;64.17
[2020-04-15;09:09:10.794];1;42;25.62;63.45
[2020-04-15;09:10:10.920];1;42;25.63;63.00
[2020-04-15;09:11:11.061];1;42;25.65;63.30
[2020-04-15;09:12:11.177];1;42;25.68;64.16
[2020-04-15;09:13:11.319];1;42;25.72;64.32
[2020-04-15;09:14:11.444];1;42;25.75;64.80
[2020-04-15;09:15:11.575];1;42;25.70;62.76
[2020-04-15;09:16:11.700];1;42;25.70;62.62
[2020-04-15;09:17:11.826];1;42;25.71;62.48
[2020-04-15;09:18:11.966];1;42;25.71;62.80
[2020-04-15;09:19:12.092];1;42;25.74;63.46
[2020-04-15;09:20:12.217];1;42;25.77;64.28
[2020-04-15;09:21:12.343];1;42;25.79;64.20
[2020-04-15;09:22:12.479];1;42;25.80;64.46
[2020-04-15;09:23:12.605];1;42;25.83;64.74
[2020-04-15;09:24:12.746];1;42;25.84;64.86
[2020-04-15;09:25:12.871];1;42;25.89;64.77
[2020-04-15;09:26:13.000];1;42;25.92;64.78
[2020-04-15;09:27:13.133];1;42;25.94;64.54
[2020-04-15;09:28:13.258];1;42;25.95;64.64
[2020-04-15;09:29:13.384];1;42;25.94;63.12
[2020-04-15;09:30:13.509];1;42;25.94;62.47
[2020-04-15;09:31:13.650];1;42;25.96;63.49
[2020-04-15;09:32:13.778];1;42;25.97;63.83
[2020-04-15;09:33:13.903];1;42;25.98;64.10
[2020-04-15;09:34:14.028];1;42;25.99;64.59
[2020-04-15;09:35:14.170];1;42;26.03;64.44
[2020-04-15;09:36:14.295];1;42;26.05;64.23
[2020-04-15;09:37:14.420];1;42;26.07;63.65
[2020-04-15;09:38:14.546];1;42;26.10;63.77
[2020-04-15;09:39:14.687];1;42;26.12;63.98
[2020-04-15;09:40:14.812];1;42;26.16;64.05
[2020-04-15;09:41:14.938];1;42;26.16;63.76
[2020-04-15;09:42:15.074];1;42;26.18;63.26
[2020-04-15;09:43:15.199];1;42;26.21;63.28
[2020-04-15;09:44:15.337];1;42;26.23;63.03
[2020-04-15;09:45:15.459];1;42;26.26;62.91
[2020-04-15;09:46:15.585];1;42;26.27;63.22
[2020-04-15;09:47:15.713];1;42;26.30;63.16
[2020-04-15;09:48:15.854];2;42;26.34;63.23
[2020-04-15;09:49:15.979];2;42;26.37;63.28
[2020-04-15;09:50:16.105];2;42;26.40;63.35
[2020-04-15;09:51:16.230];2;42;26.43;63.28
[2020-04-15;09:52:16.363];2;42;26.44;60.38
[2020-04-15;09:53:16.504];2;42;26.43;61.12
[2020-04-15;09:54:16.629];2;42;26.41;59.68
[2020-04-15;09:55:16.755];2;42;26.40;59.93
[2020-04-15;09:56:16.880];2;42;26.41;59.48
[2020-04-15;09:57:17.018];2;42;26.41;60.70
[2020-04-15;09:58:17.144];2;42;26.39;60.90
[2020-04-15;09:59:17.269];2;42;26.42;60.74
[2020-04-15;10:00:17.402];2;42;26.43;61.01
[2020-04-15;10:01:17.533];2;42;26.45;61.55
[2020-04-15;10:02:17.667];2;42;26.47;61.88
[2020-04-15;10:03:17.788];3;42;26.49;62.31
[2020-04-15;10:04:17.915];3;42;26.51;61.63
[2020-04-15;10:05:18.055];3;42;26.53;59.93
[2020-04-15;10:06:18.181];4;42;26.53;58.39
[2020-04-15;10:07:18.302];4;42;26.58;58.99
[2020-04-15;10:08:18.443];3;42;26.61;59.21
[2020-04-15;10:09:18.569];3;42;26.63;59.89
[2020-04-15;10:10:18.694];3;42;26.65;61.12
[2020-04-15;10:11:18.819];3;42;26.65;60.68
[2020-04-15;10:12:18.960];3;42;26.68;60.33
[2020-04-15;10:13:19.084];3;42;26.69;59.99
[2020-04-15;10:14:19.225];3;42;26.69;59.82
[2020-04-15;10:15:19.346];3;42;26.71;60.29
[2020-04-15;10:16:19.471];3;42;26.64;56.34
[2020-04-15;10:17:19.609];3;42;26.68;56.99
[2020-04-15;10:18:19.735];3;42;26.71;57.78
[2020-04-15;10:19:19.860];3;42;26.74;57.65
[2020-04-15;10:20:20.001];3;42;26.73;57.68
[2020-04-15;10:21:20.119];3;42;26.71;57.60
[2020-04-15;10:22:20.260];3;42;26.70;56.78
[2020-04-15;10:23:20.386];3;42;26.71;57.50
[2020-04-15;10:24:20.511];3;42;26.74;58.27
[2020-04-15;10:25:20.637];3;42;26.71;56.23
[2020-04-15;10:26:20.770];4;42;26.70;55.59
[2020-04-15;10:27:20.900];4;42;26.72;55.46
[2020-04-15;10:28:21.025];3;42;26.74;55.93
[2020-04-15;10:29:21.166];3;42;26.76;57.11
[2020-04-15;10:30:21.291];4;42;26.78;58.16
[2020-04-15;10:31:21.414];4;42;26.77;58.45
[2020-04-15;10:32:21.555];4;42;26.80;58.23
[2020-04-15;10:33:21.681];4;42;26.82;58.01
[2020-04-15;10:34:21.806];4;42;26.83;58.18
[2020-04-15;10:35:21.947];4;42;26.86;58.31
[2020-04-15;10:36:22.074];4;42;26.88;58.47
[2020-04-15;10:37:22.200];4;42;26.92;58.58
[2020-04-15;10:38:22.325];4;42;26.92;58.86
[2020-04-15;10:39:22.459];4;42;26.95;59.11
[2020-04-15;10:40:22.585];4;42;26.96;59.22
[2020-04-15;10:41:22.710];4;42;26.98;59.20
[2020-04-15;10:42:22.851];4;42;27.03;59.24
[2020-04-15;10:43:22.976];5;42;27.06;59.53
[2020-04-15;10:44:23.111];5;42;27.11;59.76
[2020-04-15;10:45:23.241];5;42;27.15;59.72
[2020-04-15;10:46:23.365];5;42;27.19;60.12
[2020-04-15;10:47:23.491];6;42;27.23;60.42
[2020-04-15;10:48:23.616];6;42;27.28;55.30
[2020-04-15;10:49:23.757];6;42;27.33;56.63
[2020-04-15;10:50:23.883];6;42;27.38;57.11
[2020-04-15;10:51:24.013];6;42;27.43;57.89
[2020-04-15;10:52:24.138];6;42;27.46;59.34
[2020-04-15;10:53:24.264];6;42;27.50;59.44
[2020-04-15;10:54:24.405];6;42;27.54;60.40
[2020-04-15;10:55:24.530];6;42;27.58;60.62
[2020-04-15;10:56:24.661];6;42;27.61;60.77
[2020-04-15;10:57:24.786];6;42;27.64;60.58
[2020-04-15;10:58:24.912];6;42;27.71;60.42
[2020-04-15;10:59:25.053];6;42;27.72;60.14
[2020-04-15;11:00:25.178];6;42;27.76;59.91
[2020-04-15;11:01:25.303];6;42;27.78;59.44
[2020-04-15;11:02:25.434];6;42;27.78;59.81
[2020-04-15;11:03:25.559];7;42;27.79;60.12
[2020-04-15;11:04:25.700];7;42;27.82;60.00
[2020-04-15;11:05:25.826];7;42;27.82;59.77
[2020-04-15;11:06:25.952];7;42;27.82;59.19
[2020-04-15;11:07:26.077];7;42;27.85;59.26
[2020-04-15;11:08:26.218];7;42;27.85;58.13
[2020-04-15;11:09:26.343];7;42;27.85;58.88
[2020-04-15;11:10:26.469];7;42;27.85;59.01
[2020-04-15;11:11:26.598];7;42;27.82;55.42
[2020-04-15;11:12:26.739];7;42;27.85;58.20
[2020-04-15;11:13:26.855];8;42;27.84;58.12
[2020-04-15;11:14:26.996];8;42;27.85;58.24
[2020-04-15;11:15:27.121];8;42;27.87;58.19
[2020-04-15;11:16:27.249];8;42;27.86;58.39
[2020-04-15;11:17:27.374];8;42;27.83;58.07
[2020-04-15;11:18:27.515];8;42;27.86;58.38
[2020-04-15;11:19:27.641];8;42;27.88;58.37
[2020-04-15;11:20:27.766];8;42;27.86;58.37
[2020-04-15;11:21:27.897];8;42;27.89;57.94
[2020-04-15;11:22:28.022];9;42;27.88;58.45
[2020-04-15;11:23:28.163];9;42;27.90;58.40
[2020-04-15;11:24:28.288];9;42;27.90;57.60
[2020-04-15;11:25:28.414];9;42;27.91;57.99
[2020-04-15;11:26:28.541];9;42;27.92;58.35
[2020-04-15;11:27:28.682];9;42;27.94;58.24
[2020-04-15;11:28:28.807];9;42;27.94;58.30
[2020-04-15;11:29:28.933];9;42;27.95;58.37
[2020-04-15;11:30:29.063];9;42;27.94;56.48
[2020-04-15;11:31:29.197];9;42;27.96;57.80
[2020-04-15;11:32:29.323];9;42;27.99;57.61
[2020-04-15;11:33:29.448];9;42;28.00;57.52
[2020-04-15;11:34:29.589];9;42;27.99;57.63
[2020-04-15;11:35:29.715];9;42;28.02;57.46
[2020-04-15;11:36:29.843];10;42;28.03;57.15
[2020-04-15;11:37:29.968];10;42;27.99;55.99
[2020-04-15;11:38:30.109];10;42;28.05;54.94
[2020-04-15;11:39:30.235];10;42;28.08;55.72
[2020-04-15;11:40:30.360];10;42;28.10;53.21
[2020-04-15;11:41:30.495];10;42;28.13;52.50
[2020-04-15;11:42:30.620];10;42;28.17;55.61
[2020-04-15;11:43:30.758];10;42;28.20;55.78
[2020-04-15;11:44:30.882];10;42;28.21;55.11
[2020-04-15;11:45:31.000];10;42;28.23;55.13
[2020-04-15;11:46:31.135];10;42;28.29;55.77
[2020-04-15;11:47:31.276];10;42;28.33;56.19
[2020-04-15;11:48:31.401];10;42;28.35;56.50
[2020-04-15;11:49:31.527];10;42;28.38;55.31
[2020-04-15;11:50:31.652];10;42;28.43;54.26
[2020-04-15;11:51:31.777];10;42;28.42;55.45
[2020-04-15;11:52:31.917];10;42;28.46;56.33
[2020-04-15;11:53:32.058];10;42;28.46;55.97
[2020-04-15;11:54:32.183];10;42;28.48;56.59
[2020-04-15;11:55:32.309];10;42;28.50;56.21
[2020-04-15;11:56:32.434];10;42;28.54;56.04
[2020-04-15;11:57:32.560];11;42;28.53;55.51
[2020-04-15;11:58:32.701];10;42;28.55;55.00
[2020-04-15;11:59:32.826];10;42;28.56;53.02
[2020-04-15;12:00:32.959];10;42;28.61;49.86
[2020-04-15;12:01:33.082];11;42;28.61;51.59
[2020-04-15;12:02:33.208];11;42;28.62;51.84
[2020-04-15;12:03:33.349];10;42;28.65;52.21
[2020-04-15;12:04:33.474];10;42;28.65;53.15
[2020-04-15;12:05:33.599];11;42;28.65;55.30
[2020-04-15;12:06:33.731];11;42;28.69;57.20
[2020-04-15;12:07:33.856];11;42;28.70;55.18
[2020-04-15;12:08:33.982];11;42;28.70;56.01
[2020-04-15;12:09:34.123];11;42;28.71;55.88
[2020-04-15;12:10:34.248];11;42;28.77;56.53
[2020-04-15;12:11:34.385];11;42;28.79;57.74
[2020-04-15;12:12:34.511];11;42;28.81;56.42
[2020-04-15;12:13:34.636];11;42;28.85;58.46
[2020-04-15;12:14:34.761];12;42;28.90;57.80
[2020-04-15;12:15:34.900];12;42;28.91;59.58
[2020-04-15;12:16:35.026];12;42;28.95;59.68
[2020-04-15;12:17:35.151];12;42;29.02;59.86
[2020-04-15;12:18:35.289];12;42;29.03;59.50
[2020-04-15;12:19:35.414];12;42;29.07;58.43
[2020-04-15;12:20:35.539];12;42;29.07;58.02
[2020-04-15;12:21:35.673];12;42;29.09;57.24
[2020-04-15;12:22:35.798];12;42;29.16;58.23
[2020-04-15;12:23:35.939];12;42;29.18;58.17
[2020-04-15;12:24:36.065];13;42;29.20;57.97
[2020-04-15;12:25:36.190];13;42;29.20;57.73
[2020-04-15;12:26:36.330];13;42;29.27;56.65
[2020-04-15;12:27:36.455];12;42;29.29;57.17
[2020-04-15;12:28:36.581];12;42;29.31;56.42
[2020-04-15;12:29:36.706];13;42;29.33;56.54
[2020-04-15;12:30:36.847];13;42;29.35;56.19
[2020-04-15;12:31:36.969];13;42;29.37;55.70
[2020-04-15;12:32:37.094];13;42;29.39;56.39
[2020-04-15;12:33:37.235];10;42;29.44;56.48
[2020-04-15;12:34:37.360];6;42;29.40;56.49
[2020-04-15;12:35:37.486];6;42;29.34;56.92
[2020-04-15;12:36:37.619];5;42;29.31;57.30
[2020-04-15;12:37:37.744];6;42;29.31;54.03
[2020-04-15;12:38:37.885];6;42;29.32;56.89
[2020-04-15;12:39:38.011];6;42;29.28;52.66
[2020-04-15;12:40:38.136];5;42;29.25;55.04
[2020-04-15;12:41:38.270];5;42;29.27;55.77
[2020-04-15;12:42:38.396];5;42;29.22;56.00
[2020-04-15;12:43:38.520];5;42;29.18;55.47
[2020-04-15;12:44:38.664];5;42;29.16;55.84
[2020-04-15;12:45:38.789];5;42;29.13;55.88
[2020-04-15;12:46:38.909];5;42;29.12;56.36
[2020-04-15;12:47:39.050];5;42;29.07;57.10
[2020-04-15;12:48:39.176];6;42;29.08;57.76
[2020-04-15;12:49:39.301];10;42;29.05;57.12
[2020-04-15;12:50:39.426];14;42;29.14;54.10
[2020-04-15;12:51:39.571];14;42;29.21;57.63
[2020-04-15;12:52:39.696];14;42;29.22;57.33
[2020-04-15;12:53:39.825];15;42;29.26;56.47
[2020-04-15;12:54:39.955];15;42;29.28;56.20
[2020-04-15;12:55:40.088];15;42;29.28;53.39
[2020-04-15;12:56:40.218];15;42;29.31;53.35
[2020-04-15;12:57:40.343];15;42;29.31;52.14
[2020-04-15;12:58:40.469];15;42;29.32;50.65
[2020-04-15;12:59:40.594];15;42;29.38;50.72
[2020-04-15;13:00:40.735];15;42;29.35;50.83
[2020-04-15;13:01:40.859];16;42;29.40;50.42
[2020-04-15;13:02:40.984];15;42;29.45;52.25
[2020-04-15;13:03:41.109];15;42;29.46;52.42
[2020-04-15;13:04:41.265];14;42;29.54;49.40
[2020-04-15;13:05:41.375];7;42;29.46;52.50
[2020-04-15;13:06:41.515];6;42;29.40;53.91
[2020-04-15;13:07:41.634];5;42;29.34;53.64
[2020-04-15;13:08:41.775];5;42;29.30;53.85
[2020-04-15;13:09:41.900];4;42;29.25;54.50
[2020-04-15;13:10:42.025];4;42;29.25;53.97
[2020-04-15;13:11:42.166];4;42;29.22;54.62
[2020-04-15;13:12:42.275];3;42;29.22;55.35
[2020-04-15;13:13:42.404];3;42;29.17;55.27
[2020-04-15;13:14:42.545];3;42;29.16;55.64
[2020-04-15;13:15:42.687];3;42;29.16;56.41
[2020-04-15;13:16:42.812];3;42;29.11;56.12
[2020-04-15;13:17:42.921];3;42;29.13;56.32
[2020-04-15;13:18:43.078];3;42;29.11;56.43
[2020-04-15;13:19:43.203];3;42;29.08;57.13
[2020-04-15;13:20:43.312];4;42;29.09;57.00
[2020-04-15;13:21:43.446];4;43;29.09;57.39
[2020-04-15;13:22:43.586];5;43;29.07;57.62
[2020-04-15;13:23:43.696];6;42;29.08;57.89
[2020-04-15;13:24:43.837];13;42;29.09;58.16
[2020-04-15;13:25:43.977];15;42;29.22;58.68
[2020-04-15;13:26:44.087];12;42;29.27;58.15
[2020-04-15;13:27:44.218];6;42;29.22;58.38
[2020-04-15;13:28:44.343];5;42;29.21;58.51
[2020-04-15;13:29:44.484];6;42;29.19;58.73
[2020-04-15;13:30:44.628];6;42;29.20;58.23
[2020-04-15;13:31:44.741];6;42;29.22;58.40
[2020-04-15;13:32:44.867];7;42;29.19;57.88
[2020-04-15;13:33:44.992];7;42;29.21;56.03
[2020-04-15;13:34:45.132];7;42;29.19;56.87
[2020-04-15;13:35:45.273];7;42;29.20;51.93
[2020-04-15;13:36:45.392];7;42;29.19;53.27
[2020-04-15;13:37:45.518];7;42;29.19;50.30
[2020-04-15;13:38:45.643];7;42;29.16;53.05
[2020-04-15;13:39:45.768];7;42;29.13;51.71
[2020-04-15;13:40:45.909];7;42;29.12;52.78
[2020-04-15;13:41:46.033];7;42;29.10;53.67
[2020-04-15;13:42:46.174];8;42;29.11;53.81
[2020-04-15;13:43:46.283];9;42;29.11;53.74
[2020-04-15;13:44:46.426];10;42;29.14;54.05
[2020-04-15;13:45:46.545];13;42;29.19;54.50
[2020-04-15;13:46:46.681];8;42;29.12;54.98
[2020-04-15;13:47:46.806];8;42;29.15;54.91
[2020-04-15;13:48:46.947];8;42;29.15;55.60
[2020-04-15;13:49:47.072];8;42;29.18;55.83
[2020-04-15;13:50:47.197];12;42;29.19;55.75
[2020-04-15;13:51:47.345];19;42;29.30;55.27
[2020-04-15;13:52:47.470];15;42;29.31;55.39
[2020-04-15;13:53:47.579];15;42;29.41;55.49
[2020-04-15;13:54:47.704];11;42;29.39;55.47
[2020-04-15;13:55:47.845];8;42;29.36;55.99
[2020-04-15;13:56:47.992];8;42;29.37;56.42
[2020-04-15;13:57:48.117];9;42;29.35;56.31
[2020-04-15;13:58:48.227];8;42;29.39;55.98
[2020-04-15;13:59:48.379];9;42;29.39;55.97
[2020-04-15;14:00:48.488];11;42;29.43;56.47
[2020-04-15;14:01:48.617];8;42;29.46;56.57
[2020-04-15;14:02:48.758];9;42;29.50;56.41
[2020-04-15;14:03:48.883];9;42;29.51;56.22
[2020-04-15;14:04:49.024];9;42;29.52;56.75
[2020-04-15;14:05:49.131];9;42;29.55;56.91
[2020-04-15;14:06:49.273];18;42;29.64;56.93
[2020-04-15;14:07:49.398];16;42;29.72;57.42
[2020-04-15;14:08:49.523];16;42;29.76;56.92
[2020-04-15;14:09:49.664];20;42;29.85;57.19
[2020-04-15;14:10:49.804];19;42;29.91;58.15
[2020-04-15;14:11:49.914];20;42;29.99;58.00
[2020-04-15;14:12:50.056];11;42;29.93;58.49
[2020-04-15;14:13:50.166];22;42;29.96;58.98
[2020-04-15;14:14:50.305];22;42;30.05;58.47
[2020-04-15;14:15:50.440];22;42;30.12;59.29
[2020-04-15;14:16:50.557];23;42;30.19;59.51
[2020-04-15;14:17:50.698];23;42;30.23;60.22
[2020-04-15;14:18:50.838];23;42;30.24;59.87
[2020-04-15;14:19:50.940];23;42;30.27;59.37
[2020-04-15;14:20:51.081];12;42;30.22;59.57
[2020-04-15;14:21:51.203];24;42;30.23;59.27
[2020-04-15;14:22:51.328];24;42;30.28;59.09
[2020-04-15;14:23:51.469];24;42;30.32;58.24
[2020-04-15;14:24:51.610];24;42;30.38;59.03
[2020-04-15;14:25:51.719];24;42;30.40;58.59
[2020-04-15;14:26:51.851];24;42;30.41;59.23
[2020-04-15;14:27:51.976];24;42;30.47;58.53
[2020-04-15;14:28:52.117];24;42;30.48;58.64
[2020-04-15;14:29:52.237];24;42;30.52;58.98
[2020-04-15;14:30:52.378];25;42;30.53;58.84
[2020-04-15;14:31:52.504];24;42;30.55;58.36
[2020-04-15;14:32:52.629];25;42;30.60;58.26
[2020-04-15;14:33:52.755];25;42;30.65;57.24
[2020-04-15;14:34:52.880];25;42;30.70;58.04
[2020-04-15;14:35:53.020];25;42;30.69;56.33
[2020-04-15;14:36:53.158];24;42;30.71;57.52
[2020-04-15;14:37:53.267];31;42;32.23;52.98
[2020-04-15;14:38:53.408];48;42;32.42;51.26
[2020-04-15;14:39:53.533];28;42;31.83;52.71
[2020-04-15;14:40:53.674];28;42;31.56;54.78
[2020-04-15;14:41:53.799];26;42;31.47;53.59
[2020-04-15;14:42:53.929];26;42;31.47;54.35
[2020-04-15;14:43:54.050];26;42;31.39;54.05
[2020-04-15;14:44:54.198];25;42;31.32;53.52
[2020-04-15;14:45:54.325];24;43;31.31;54.18
[2020-04-15;14:46:54.439];24;43;31.28;53.55
[2020-04-15;14:47:54.580];25;43;31.24;53.86
[2020-04-15;14:48:54.689];25;43;31.17;54.81
[2020-04-15;14:49:54.830];25;43;31.18;54.32
[2020-04-15;14:50:54.956];26;43;31.11;53.88
[2020-04-15;14:51:55.090];26;43;31.03;54.20
[2020-04-15;14:52:55.216];26;43;30.99;54.74
[2020-04-15;14:53:55.341];26;43;30.92;53.92
[2020-04-15;14:54:55.482];26;43;30.93;54.67
[2020-04-15;14:55:55.608];26;43;30.90;54.75
[2020-04-15;14:56:55.732];25;43;30.85;54.65
[2020-04-15;14:57:55.858];25;43;30.80;54.80
[2020-04-15;14:58:55.999];25;43;30.78;55.21
[2020-04-15;14:59:56.118];25;43;30.72;54.81
[2020-04-15;15:00:56.258];25;43;30.70;54.58
[2020-04-15;15:01:56.385];25;43;30.68;55.69
[2020-04-15;15:02:56.510];25;43;30.66;55.01
[2020-04-15;15:03:56.636];25;43;30.60;55.42
[2020-04-15;15:04:56.776];25;43;30.61;55.59
[2020-04-15;15:05:56.902];25;43;30.60;55.37
[2020-04-15;15:06:57.034];25;43;30.59;54.72
[2020-04-15;15:07:57.159];29;43;30.55;54.20
[2020-04-15;15:08:57.289];25;43;30.53;54.80
[2020-04-15;15:09:57.415];25;43;30.48;55.27
[2020-04-15;15:10:57.548];20;43;30.38;55.96
[2020-04-15;15:11:57.675];20;43;30.44;55.80
[2020-04-15;15:12:57.806];16;43;30.34;55.66
[2020-04-15;15:13:57.931];17;43;30.26;56.38
[2020-04-15;15:14:58.072];15;43;30.20;55.82
[2020-04-15;15:15:58.198];15;43;30.15;54.70
[2020-04-15;15:16:58.327];12;43;30.07;55.04
[2020-04-15;15:17:58.452];9;43;30.00;55.38
[2020-04-15;15:18:58.593];8;43;29.94;54.31
[2020-04-15;15:19:58.718];8;43;29.88;55.15
[2020-04-15;15:20:58.844];7;43;29.83;55.28
[2020-04-15;15:21:58.973];7;43;29.78;55.81
[2020-04-15;15:22:59.114];8;43;29.69;55.63
[2020-04-15;15:23:59.239];7;43;29.67;56.18
[2020-04-15;15:24:59.365];7;43;29.62;55.86
[2020-04-15;15:25:59.490];6;43;29.58;56.38
[2020-04-15;15:26:59.627];6;43;29.52;55.77
[2020-04-15;15:27:59.752];6;43;29.48;56.45
[2020-04-15;15:28:59.878];6;43;29.46;57.34
[2020-04-15;15:30:00.023];6;43;29.39;56.94
[2020-04-15;15:31:00.149];6;43;29.38;57.04
[2020-04-15;15:32:00.273];5;43;29.34;57.07
[2020-04-15;15:33:00.398];6;43;29.34;58.41
[2020-04-15;15:34:00.524];6;43;29.30;58.09
[2020-04-15;15:35:00.664];6;43;29.26;56.40
[2020-04-15;15:36:00.790];7;43;29.24;56.51
[2020-04-15;15:37:00.913];8;43;29.23;58.43
[2020-04-15;15:38:01.054];8;43;29.21;57.11
[2020-04-15;15:39:01.180];7;43;29.15;56.91
[2020-04-15;15:40:01.305];7;43;29.12;57.75
[2020-04-15;15:41:01.431];6;43;29.12;57.39
[2020-04-15;15:42:01.574];5;43;29.09;56.76
[2020-04-15;15:43:01.703];5;43;29.06;58.31
[2020-04-15;15:44:01.816];5;43;28.99;57.14
[2020-04-15;15:45:01.958];5;43;29.01;58.31
[2020-04-15;15:46:02.084];5;43;29.02;56.93
[2020-04-15;15:47:02.208];5;43;28.94;57.42
[2020-04-15;15:48:02.349];5;43;28.94;57.27
[2020-04-15;15:49:02.474];5;43;28.96;56.72
[2020-04-15;15:50:02.600];6;43;28.94;57.15
[2020-04-15;15:51:02.725];6;43;28.92;57.73
[2020-04-15;15:52:02.861];6;43;28.92;57.20
[2020-04-15;15:53:02.987];6;43;28.92;58.93
[2020-04-15;15:54:03.128];6;43;28.90;59.08
[2020-04-15;15:55:03.253];7;43;28.88;59.26
[2020-04-15;15:56:03.379];7;43;28.88;59.71
[2020-04-15;15:57:03.504];8;43;28.87;58.72
[2020-04-15;15:58:03.645];8;43;28.90;58.93
[2020-04-15;15:59:03.771];7;43;28.87;58.29
[2020-04-15;16:00:03.896];7;43;28.87;59.07
[2020-04-15;16:01:04.022];8;43;28.88;58.83
[2020-04-15;16:02:04.150];11;43;28.91;59.71
[2020-04-15;16:03:04.291];11;43;28.92;58.75
[2020-04-15;16:04:04.417];11;43;28.94;59.08
[2020-04-15;16:05:04.542];10;43;29.00;59.08
[2020-04-15;16:06:04.668];7;43;28.97;59.61
[2020-04-15;16:07:04.812];5;43;28.91;59.34
[2020-04-15;16:08:04.938];6;43;28.93;59.40
[2020-04-15;16:09:05.063];8;43;28.90;59.49
[2020-04-15;16:10:05.189];9;43;28.95;58.91
[2020-04-15;16:11:05.329];9;43;28.96;59.15
[2020-04-15;16:12:05.447];9;43;28.96;60.19
[2020-04-15;16:13:05.582];10;43;28.96;58.74
[2020-04-15;16:14:05.714];10;43;28.96;59.57
[2020-04-15;16:15:05.847];8;43;29.01;58.59
[2020-04-15;16:16:05.972];9;43;29.03;59.18
[2020-04-15;16:17:06.105];6;43;29.01;59.36
[2020-04-15;16:18:06.230];6;43;29.00;59.34
[2020-04-15;16:19:06.355];5;43;28.98;59.27
[2020-04-15;16:20:06.496];6;43;28.98;58.56
[2020-04-15;16:21:06.622];6;43;28.98;60.36
[2020-04-15;16:22:06.744];6;43;29.01;59.55
[2020-04-15;16:23:06.885];5;43;28.98;59.44
[2020-04-15;16:24:07.011];3;43;28.98;59.63
[2020-04-15;16:25:07.136];3;43;28.96;60.01
[2020-04-15;16:26:07.262];4;43;28.95;60.02
[2020-04-15;16:27:07.389];2;43;28.96;58.54
[2020-04-15;16:28:07.530];2;43;28.91;60.83
[2020-04-15;16:29:07.656];1;43;28.92;60.92
[2020-04-15;16:30:07.789];1;43;28.92;60.69
[2020-04-15;16:31:07.915];1;43;28.89;60.84
[2020-04-15;16:32:08.049];1;43;28.88;61.36
[2020-04-15;16:33:08.174];1;43;28.85;59.72
[2020-04-15;16:34:08.299];1;43;28.86;61.33
[2020-04-15;16:35:08.425];1;43;28.86;61.01
[2020-04-15;16:36:08.566];1;43;28.84;60.96
[2020-04-15;16:37:08.689];1;43;28.86;60.78
[2020-04-15;16:38:08.815];1;43;28.84;61.33
[2020-04-15;16:39:08.956];1;43;28.83;61.36
[2020-04-15;16:40:09.081];0;43;28.81;61.51
[2020-04-15;16:41:09.206];0;43;28.78;62.00
[2020-04-15;16:42:09.346];0;43;28.78;59.97
[2020-04-15;16:43:09.476];0;43;28.78;59.78
[2020-04-15;16:44:09.598];0;43;28.77;60.39
[2020-04-15;16:45:09.732];0;43;28.74;60.50
[2020-04-15;16:46:09.857];0;43;28.70;59.18
[2020-04-15;16:47:09.981];0;43;28.69;58.56
[2020-04-15;16:48:10.122];0;43;28.64;57.82
[2020-04-15;16:49:10.248];0;43;28.62;58.26
[2020-04-15;16:50:10.373];0;43;28.60;58.84
[2020-04-15;16:51:10.498];0;43;28.57;59.17
[2020-04-15;16:52:10.629];0;43;28.43;58.16
[2020-04-15;16:53:10.770];0;43;28.42;58.58
[2020-04-15;16:54:10.896];0;43;28.28;58.65
[2020-04-15;16:55:11.021];0;43;28.30;59.84
[2020-04-15;16:56:11.147];0;43;28.29;59.19
[2020-04-15;16:57:11.286];0;43;28.29;59.82
[2020-04-15;16:58:11.412];0;43;28.30;60.33
[2020-04-15;16:59:11.537];0;43;28.21;59.25
[2020-04-15;17:00:11.673];0;43;28.09;59.07
[2020-04-15;17:01:11.798];0;43;28.03;58.78
[2020-04-15;17:02:11.935];0;43;28.08;59.23
[2020-04-15;17:03:12.061];0;43;28.07;59.69
[2020-04-15;17:04:12.186];0;43;28.07;59.80
[2020-04-15;17:05:12.312];0;43;28.09;60.38
[2020-04-15;17:06:12.453];0;43;27.86;59.09
[2020-04-15;17:07:12.579];0;43;27.80;59.60
[2020-04-15;17:08:12.704];0;43;27.90;59.88
[2020-04-15;17:09:12.845];0;43;27.96;60.61
[2020-04-15;17:10:12.971];0;43;27.98;60.98
[2020-04-15;17:11:13.096];0;43;27.97;60.64
[2020-04-15;17:12:13.234];0;43;28.00;60.54
[2020-04-15;17:13:13.348];0;43;27.95;61.11
[2020-04-15;17:14:13.487];0;43;27.98;60.78
[2020-04-15;17:15:13.612];0;43;27.97;60.82
[2020-04-15;17:16:13.738];0;43;27.91;60.58
[2020-04-15;17:17:13.875];0;43;27.87;60.31
[2020-04-15;17:18:14.001];0;43;27.87;60.24
[2020-04-15;17:19:14.142];0;43;27.78;59.92
[2020-04-15;17:20:14.267];0;43;27.79;59.81
[2020-04-15;17:21:14.392];0;43;27.82;60.15
[2020-04-15;17:22:14.515];0;42;27.84;61.19
[2020-04-15;17:23:14.656];0;42;27.85;60.84
[2020-04-15;17:24:14.781];0;42;27.85;60.60
[2020-04-15;17:25:14.907];0;42;27.84;61.44
[2020-04-15;17:26:15.032];0;42;27.85;60.71
[2020-04-15;17:27:15.173];0;42;27.85;61.41
[2020-04-15;17:28:15.298];0;42;27.86;61.12
[2020-04-15;17:29:15.423];0;42;27.82;60.06
[2020-04-15;17:30:15.557];0;42;27.77;60.48
[2020-04-15;17:31:15.698];0;42;27.80;61.38
[2020-04-15;17:32:15.821];0;42;27.80;61.44
[2020-04-15;17:33:15.947];0;42;27.81;61.22
[2020-04-15;17:34:16.072];0;42;27.83;61.37
[2020-04-15;17:35:16.213];0;42;27.82;61.28
[2020-04-15;17:36:16.343];0;42;27.75;60.11
[2020-04-15;17:37:16.472];0;42;27.78;60.56
[2020-04-15;17:38:16.598];0;42;27.79;61.45
[2020-04-15;17:39:16.723];0;42;27.78;61.16
[2020-04-15;17:40:16.849];0;42;27.79;62.07
[2020-04-15;17:41:16.990];0;42;27.72;60.50
[2020-04-15;17:42:17.105];0;42;27.67;60.52
[2020-04-15;17:43:17.247];0;42;27.65;61.08
[2020-04-15;17:44:17.372];0;42;27.64;61.10
[2020-04-15;17:45:17.501];0;42;27.62;61.60
[2020-04-15;17:46:17.627];0;42;27.60;61.73
[2020-04-15;17:47:17.755];0;42;27.57;61.96
[2020-04-15;17:48:17.895];0;42;27.57;62.28
[2020-04-15;17:49:18.021];0;42;27.57;63.33
[2020-04-15;17:50:18.146];0;42;27.59;64.37
[2020-04-15;17:51:18.272];0;42;27.56;66.00
[2020-04-15;17:52:18.403];0;42;27.46;65.08
[2020-04-15;17:53:18.544];0;42;27.45;64.81
[2020-04-15;17:54:18.670];0;42;27.38;65.87
[2020-04-15;17:55:18.795];0;42;27.36;66.55
[2020-04-15;17:56:18.920];0;42;27.34;66.34
[2020-04-15;17:57:19.053];0;42;27.27;66.30
[2020-04-15;17:58:19.178];0;42;27.23;66.43
[2020-04-15;17:59:19.319];0;42;27.15;66.38
[2020-04-15;18:00:19.445];0;42;27.14;66.61
[2020-04-15;18:01:19.586];0;42;27.07;68.48
[2020-04-15;18:02:19.706];0;42;27.03;70.10
[2020-04-15;18:03:19.832];0;42;26.96;71.34
[2020-04-15;18:04:19.957];0;42;26.87;71.44
[2020-04-15;18:05:20.098];0;42;26.76;70.37
[2020-04-15;18:06:20.218];0;42;26.70;69.92
[2020-04-15;18:07:20.350];0;42;26.65;69.86
[2020-04-15;18:08:20.475];0;42;26.56;69.62
[2020-04-15;18:09:20.616];0;42;26.54;71.31
[2020-04-15;18:10:20.738];0;42;26.53;70.74
[2020-04-15;18:11:20.872];0;42;26.50;70.58
[2020-04-15;18:12:21.002];0;42;26.51;71.54
[2020-04-15;18:13:21.127];0;42;26.45;70.57
[2020-04-15;18:14:21.251];0;42;26.44;70.80
[2020-04-15;18:15:21.382];0;42;26.38;71.99
[2020-04-15;18:16:21.515];0;42;26.33;71.61
[2020-04-15;18:17:21.640];0;42;26.33;73.23
[2020-04-15;18:18:21.781];0;42;26.35;73.08
[2020-04-15;18:19:21.907];0;42;26.33;72.88
[2020-04-15;18:20:22.032];0;42;26.30;73.32
[2020-04-15;18:21:22.164];0;42;26.25;73.11
[2020-04-15;18:22:22.289];0;42;26.21;73.54
[2020-04-15;18:23:22.430];0;42;26.19;72.23
[2020-04-15;18:24:22.556];0;42;26.17;72.46
[2020-04-15;18:25:22.681];0;42;26.16;71.94
[2020-04-15;18:26:22.807];0;42;26.11;72.00
[2020-04-15;18:27:22.948];0;42;26.06;71.63
[2020-04-15;18:28:23.074];0;42;26.04;72.57
[2020-04-15;18:29:23.199];0;42;26.02;72.69
[2020-04-15;18:30:23.325];0;42;25.92;73.45
[2020-04-15;18:31:23.459];0;42;25.87;73.30
[2020-04-15;18:32:23.590];0;42;25.81;73.82
[2020-04-15;18:33:23.716];0;42;25.82;73.92
[2020-04-15;18:34:23.857];0;42;25.87;74.67
[2020-04-15;18:35:23.982];0;42;25.84;73.91
[2020-04-15;18:36:24.104];0;42;25.87;74.19
[2020-04-15;18:37:24.245];0;42;25.87;75.30
[2020-04-15;18:38:24.374];0;42;25.83;74.05
[2020-04-15;18:39:24.500];0;42;25.72;74.25
[2020-04-15;18:40:24.625];0;42;25.71;75.17
[2020-04-15;18:41:24.761];0;42;25.68;76.38
[2020-04-15;18:42:24.886];0;42;25.65;76.40
[2020-04-15;18:43:25.013];0;42;25.62;75.54
[2020-04-15;18:44:25.146];0;42;25.62;75.82
[2020-04-15;18:45:25.282];0;42;25.63;76.21
[2020-04-15;18:46:25.409];0;42;25.67;76.90
[2020-04-15;18:47:25.534];0;42;25.67;75.87
[2020-04-15;18:48:25.660];0;42;25.66;75.72
[2020-04-15;18:49:25.800];0;42;25.65;75.26
[2020-04-15;18:50:25.926];0;42;25.62;75.31
[2020-04-15;18:51:26.045];0;42;25.64;75.71
[2020-04-15;18:52:26.186];0;42;25.64;76.16
[2020-04-15;18:53:26.311];0;42;25.65;75.76
[2020-04-15;18:54:26.437];0;42;25.66;76.14
[2020-04-15;18:55:26.562];0;42;25.56;76.16
[2020-04-15;18:56:26.703];0;42;25.64;76.68
[2020-04-15;18:57:26.825];0;42;25.63;76.76
[2020-04-15;18:58:26.966];0;42;25.63;77.06
[2020-04-15;18:59:27.092];0;42;25.61;77.61
[2020-04-15;19:00:27.217];0;42;25.63;77.18
[2020-04-15;19:01:27.354];0;42;25.63;76.49
[2020-04-15;19:02:27.480];0;42;25.67;77.42
[2020-04-15;19:03:27.605];0;42;25.70;76.89
[2020-04-15;19:04:27.731];0;42;25.65;77.45
[2020-04-15;19:05:27.871];0;42;25.64;77.31
[2020-04-15;19:06:27.996];0;42;25.64;77.28
[2020-04-15;19:07:28.122];0;42;25.59;78.24
[2020-04-15;19:08:28.248];0;42;25.59;78.18
[2020-04-15;19:09:28.390];0;42;25.55;78.50
[2020-04-15;19:10:28.516];0;42;25.48;78.99
[2020-04-15;19:11:28.637];0;42;25.43;78.25
[2020-04-15;19:12:28.779];0;42;25.43;78.64
[2020-04-15;19:13:28.902];0;42;25.42;78.41
[2020-04-15;19:14:29.028];0;42;25.32;77.25
[2020-04-15;19:15:29.169];0;42;25.11;77.08
[2020-04-15;19:16:29.290];0;42;25.04;78.95
[2020-04-15;19:17:29.416];0;42;25.03;80.34
[2020-04-15;19:18:29.557];0;42;25.02;80.82
[2020-04-15;19:19:29.683];0;42;25.04;80.92
[2020-04-15;19:20:29.809];0;42;25.13;80.16
[2020-04-15;19:21:29.937];0;42;25.14;80.51
[2020-04-15;19:22:30.062];0;41;25.19;80.61
[2020-04-15;19:23:30.204];0;42;25.20;80.48
[2020-04-15;19:24:30.329];0;41;25.20;79.94
[2020-04-15;19:25:30.455];0;41;25.17;79.17
[2020-04-15;19:26:30.591];0;41;25.08;77.81
[2020-04-15;19:27:30.717];0;42;25.08;78.35
[2020-04-15;19:28:30.842];0;41;25.04;78.66
[2020-04-15;19:29:30.983];0;41;25.06;78.79
[2020-04-15;19:30:31.109];0;41;25.08;78.94
[2020-04-15;19:31:31.238];0;41;25.11;79.37
[2020-04-15;19:32:31.365];0;41;25.17;79.54
[2020-04-15;19:33:31.491];0;41;25.22;80.05
[2020-04-15;19:34:31.633];0;41;25.25;79.34
[2020-04-15;19:35:31.759];0;41;25.24;78.84
[2020-04-15;19:36:31.884];0;41;25.26;78.89
[2020-04-15;19:37:32.010];0;42;25.23;78.62
[2020-04-15;19:38:32.136];0;41;25.20;78.10
[2020-04-15;19:39:32.279];0;41;25.20;78.45
[2020-04-15;19:40:32.405];0;41;25.19;78.84
[2020-04-15;19:41:32.528];0;41;25.21;78.75
[2020-04-15;19:42:32.654];0;42;25.24;78.68
[2020-04-15;19:43:32.789];0;42;25.28;78.01
[2020-04-15;19:44:32.917];0;41;25.27;77.06
[2020-04-15;19:45:33.043];0;41;25.23;76.02
[2020-04-15;19:46:33.175];0;41;25.15;75.99
[2020-04-15;19:47:33.317];0;41;25.06;75.35
[2020-04-15;19:48:33.443];0;41;25.02;74.69
[2020-04-15;19:49:33.569];0;41;24.95;74.92
[2020-04-15;19:50:33.695];0;41;24.93;74.10
[2020-04-15;19:51:33.823];0;41;25.05;75.42
[2020-04-15;19:52:33.957];0;41;25.12;77.71
[2020-04-15;19:53:34.083];0;41;25.19;78.61
[2020-04-15;19:54:34.224];0;41;25.18;77.63
[2020-04-15;19:55:34.350];0;41;25.22;77.40
[2020-04-15;19:56:34.476];0;41;25.23;76.59
[2020-04-15;19:57:34.602];0;42;25.24;76.57
[2020-04-15;19:58:34.743];0;41;25.23;76.74
[2020-04-15;19:59:34.869];0;41;25.25;76.31
[2020-04-15;20:00:34.988];0;41;25.33;76.73
[2020-04-15;20:01:35.116];0;41;25.43;77.42
[2020-04-15;20:02:35.257];0;41;25.50;78.49
[2020-04-15;20:03:35.383];0;41;25.53;78.15
[2020-04-15;20:04:35.509];0;41;25.60;77.44
[2020-04-15;20:05:35.639];0;41;25.66;77.57
[2020-04-15;20:06:35.777];0;41;25.70;77.22
[2020-04-15;20:07:35.903];0;41;25.72;76.30
[2020-04-15;20:08:36.030];0;41;25.70;75.18
[2020-04-15;20:09:36.156];0;41;25.69;75.33
[2020-04-15;20:10:36.297];0;41;25.73;75.88
[2020-04-15;20:11:36.422];0;41;25.78;75.65
[2020-04-15;20:12:36.548];0;41;25.78;75.66
[2020-04-15;20:13:36.674];0;41;25.81;75.23
[2020-04-15;20:14:36.805];0;41;25.81;74.90
[2020-04-15;20:15:36.936];0;41;25.82;74.85
[2020-04-15;20:16:37.066];0;41;25.84;74.61
[2020-04-15;20:17:37.192];0;41;25.85;75.41
[2020-04-15;20:18:37.318];0;41;25.85;75.07
[2020-04-15;20:19:37.460];0;41;25.84;74.88
[2020-04-15;20:20:37.585];0;41;25.86;75.03
[2020-04-15;20:21:37.709];0;41;25.84;75.32
[2020-04-15;20:22:37.850];0;41;25.82;75.81
[2020-04-15;20:23:37.975];0;41;25.87;76.30
[2020-04-15;20:24:38.101];0;42;25.83;75.41
[2020-04-15;20:25:38.227];0;42;25.79;74.94
[2020-04-15;20:26:38.356];0;42;25.81;74.16
[2020-04-15;20:27:38.498];0;42;25.73;74.39
[2020-04-15;20:28:38.624];0;42;25.62;74.81
[2020-04-15;20:29:38.749];0;41;25.59;74.93
[2020-04-15;20:30:38.883];0;41;25.58;74.17
[2020-04-15;20:31:39.008];0;41;25.54;74.52
[2020-04-15;20:32:39.134];0;41;25.53;74.72
[2020-04-15;20:33:39.276];0;41;25.52;74.91
[2020-04-15;20:34:39.401];0;41;25.49;74.62
[2020-04-15;20:35:39.527];0;41;25.49;74.51
[2020-04-15;20:36:39.660];0;41;25.46;74.73
[2020-04-15;20:37:39.787];0;41;25.43;74.34
[2020-04-15;20:38:39.913];0;41;25.38;74.91
[2020-04-15;20:39:40.054];0;41;25.34;75.16
[2020-04-15;20:40:40.180];0;41;25.27;75.52
[2020-04-15;20:41:40.310];0;41;25.25;75.75
[2020-04-15;20:42:40.436];0;41;25.23;75.89
[2020-04-15;20:43:40.561];0;41;25.24;75.76
[2020-04-15;20:44:40.700];0;41;25.19;75.38
[2020-04-15;20:45:40.819];0;41;25.18;75.55
[2020-04-15;20:46:40.958];0;41;25.21;75.52
[2020-04-15;20:47:41.084];0;41;25.20;75.87
[2020-04-15;20:48:41.210];0;41;25.20;75.05
[2020-04-15;20:49:41.336];0;41;25.15;74.50
[2020-04-15;20:50:41.477];0;41;25.14;74.87
[2020-04-15;20:51:41.607];0;41;25.15;74.70
[2020-04-15;20:52:41.734];0;41;25.12;74.80
[2020-04-15;20:53:41.859];0;41;25.05;74.93
[2020-04-15;20:54:41.985];0;41;25.01;75.01
[2020-04-15;20:55:42.126];0;41;24.98;75.52
[2020-04-15;20:56:42.251];0;41;25.00;75.15
[2020-04-15;20:57:42.378];0;41;24.99;75.48
[2020-04-15;20:58:42.503];0;41;24.95;75.50
[2020-04-15;20:59:42.644];0;41;24.89;75.19
[2020-04-15;21:00:42.770];0;41;24.85;75.06
[2020-04-15;21:01:42.895];0;41;24.80;75.15
[2020-04-15;21:02:43.021];0;41;24.78;75.54
[2020-04-15;21:03:43.162];0;41;24.78;75.94
[2020-04-15;21:04:43.287];0;41;24.75;75.85
[2020-04-15;21:05:43.413];0;41;24.73;76.12
[2020-04-15;21:06:43.548];0;41;24.72;76.33
[2020-04-15;21:07:43.673];0;41;24.76;76.02
[2020-04-15;21:08:43.799];0;41;24.75;75.78
[2020-04-15;21:09:43.940];0;41;24.71;75.80
[2020-04-15;21:10:44.067];0;41;24.70;75.64
[2020-04-15;21:11:44.186];0;41;24.69;75.85
[2020-04-15;21:12:44.328];0;41;24.64;75.82
[2020-04-15;21:13:44.453];0;41;24.62;75.58
[2020-04-15;21:14:44.586];0;41;24.61;75.63
[2020-04-15;21:15:44.715];0;41;24.52;75.74
[2020-04-15;21:16:44.843];0;41;24.49;75.75
[2020-04-15;21:17:44.969];0;41;24.46;75.76
[2020-04-15;21:18:45.095];0;41;24.40;76.02
[2020-04-15;21:19:45.236];0;41;24.35;76.29
[2020-04-15;21:20:45.362];0;41;24.33;76.40
[2020-04-15;21:21:45.484];0;41;24.33;76.49
[2020-04-15;21:22:45.626];0;41;24.28;76.42
[2020-04-15;21:23:45.753];0;41;24.29;76.71
[2020-04-15;21:24:45.878];0;41;24.29;76.50
[2020-04-15;21:25:46.005];0;41;24.27;76.55
[2020-04-15;21:26:46.130];0;41;24.29;76.54
[2020-04-15;21:27:46.273];0;41;24.30;76.64
[2020-04-15;21:28:46.398];0;41;24.31;76.55
[2020-04-15;21:29:46.524];0;41;24.32;76.81
[2020-04-15;21:30:46.653];0;41;24.32;76.71
[2020-04-15;21:31:46.790];0;41;24.32;77.14
[2020-04-15;21:32:46.917];0;41;24.32;77.03
[2020-04-15;21:33:47.043];0;41;24.31;77.03
[2020-04-15;21:34:47.169];0;41;24.32;76.97
[2020-04-15;21:35:47.310];0;42;24.28;76.84
[2020-04-15;21:36:47.432];0;42;24.29;77.00
[2020-04-15;21:37:47.558];0;41;24.29;77.01
[2020-04-15;21:38:47.700];0;41;24.29;76.89
[2020-04-15;21:39:47.827];0;41;24.29;77.06
[2020-04-15;21:40:47.953];0;41;24.26;77.02
[2020-04-15;21:41:48.079];0;41;24.26;76.92
[2020-04-15;21:42:48.212];0;41;24.27;77.14
[2020-04-15;21:43:48.337];0;41;24.26;77.21
[2020-04-15;21:44:48.467];0;41;24.24;77.20
[2020-04-15;21:45:48.593];0;41;24.26;77.37
[2020-04-15;21:46:48.733];0;41;24.28;77.29
[2020-04-15;21:47:48.859];0;41;24.29;77.10
[2020-04-15;21:48:48.984];0;41;24.26;77.23
[2020-04-15;21:49:49.111];0;41;24.26;77.23
[2020-04-15;21:50:49.251];0;41;24.26;77.30
[2020-04-15;21:51:49.381];0;41;24.26;77.24
[2020-04-15;21:52:49.507];0;41;24.21;77.22
[2020-04-15;21:53:49.633];0;41;24.21;77.73
[2020-04-15;21:54:49.759];0;41;24.24;77.35
[2020-04-15;21:55:49.900];0;41;24.20;77.60
[2020-04-15;21:56:50.029];0;41;24.22;77.54
[2020-04-15;21:57:50.156];0;41;24.20;77.71
[2020-04-15;21:58:50.281];0;41;24.22;77.46
[2020-04-15;21:59:50.412];0;41;24.18;77.69
[2020-04-15;22:00:50.538];0;41;24.22;77.55
[2020-04-15;22:01:50.670];0;41;24.20;77.84
[2020-04-15;22:02:50.795];0;41;24.17;77.96
[2020-04-15;22:03:50.936];0;41;24.21;77.86
[2020-04-15;22:04:51.063];0;41;24.22;77.66
[2020-04-15;22:05:51.188];0;41;24.21;77.82
[2020-04-15;22:06:51.312];0;41;24.23;77.69
[2020-04-15;22:07:51.454];0;41;24.22;77.64
[2020-04-15;22:08:51.580];0;41;24.20;77.86
[2020-04-15;22:09:51.716];0;41;24.19;77.93
[2020-04-15;22:10:51.843];0;41;24.17;77.87
[2020-04-15;22:11:51.966];0;41;24.10;78.14
[2020-04-15;22:12:52.093];0;41;24.10;78.15
[2020-04-15;22:13:52.219];0;41;24.09;78.37
[2020-04-15;22:14:52.350];0;41;24.07;78.25
[2020-04-15;22:15:52.491];0;41;24.07;78.22
[2020-04-15;22:16:52.609];0;41;24.08;78.22
[2020-04-15;22:17:52.736];0;41;24.06;78.15
[2020-04-15;22:18:52.877];0;41;24.06;78.21
[2020-04-15;22:19:53.004];0;41;24.05;78.35
[2020-04-15;22:20:53.129];0;41;24.02;78.55
[2020-04-15;22:21:53.255];0;41;24.00;78.57
[2020-04-15;22:22:53.388];0;41;24.01;78.71
[2020-04-15;22:23:53.514];0;41;24.00;78.90
[2020-04-15;22:24:53.656];0;41;23.97;78.83
[2020-04-15;22:25:53.782];0;41;24.00;78.57
[2020-04-15;22:26:53.908];0;41;24.04;78.44
[2020-04-15;22:27:54.033];0;41;24.03;78.37
[2020-04-15;22:28:54.175];0;41;24.00;78.54
[2020-04-15;22:29:54.302];0;41;24.03;78.42
[2020-04-15;22:30:54.428];0;41;24.01;78.52
[2020-04-15;22:31:54.554];0;41;24.03;78.28
[2020-04-15;22:32:54.679];0;41;23.97;78.52
[2020-04-15;22:33:54.821];0;41;23.96;78.61
[2020-04-15;22:34:54.948];0;41;24.01;78.95
[2020-04-15;22:35:55.074];0;41;24.04;78.92
[2020-04-15;22:36:55.208];0;41;24.09;78.94
[2020-04-15;22:37:55.334];0;41;24.12;78.25
[2020-04-15;22:38:55.459];0;41;24.13;78.42
[2020-04-15;22:39:55.617];0;41;24.17;79.25
